Brand,Name,City,Region,District,Rating,Review Count,Address,latitude,Longitude,PlaceID
Genesis,Genesis Wallan Showroom Riyadh,الرياض,منطقة الرياض,امارة منطقة الرياض,5,10,"3219, QJ3H+4PR, 7929 الطريق الدائري الشمالي الفرعي، النخيل، الرياض 12384, Saudi Arabia",24.7528125,46.6293125,ChIJlQpbBJbjLj4RhHcLDkP8CU4
Genesis,Genesis,Riyadh,Riyadh Province,Riyadh Principality,3.8,23,"4962 طريق مكة المكرمة الفرعي، الملك عبدالله، الرياض 12411 7341،، King Abdul Aziz, Riyadh 12411, Saudi Arabia",24.7038785,46.7441384,ChIJx30hy7URLz4RDkuePUnYRC4
Genesis,Genesis Service Center,Jeddah,Makkah Province,Jeddah,2.9,33,"Al Rayaan, Jeddah 23643, Saudi Arabia",21.674455,39.2045698,ChIJw4vLQtvXwxURGrqOnl9za-k
Genesis,شركة محمد يوسف ناغي للسيارات‎ { معرض جينيسيس جدة GENESIS Showroom Jeddah },Jeddah,Makkah Province,Jeddah,3.7,61,"J4X7+QF9, Al Mohammadiyyah, Jeddah 23617, Saudi Arabia",21.6492032,39.1136379,ChIJz-Xw8-XZwxUR2L9u4ErjngQ
Hyundai,Wallan Hyundai Showroom,Riyadh,Riyadh Province,Riyadh Principality,3.8,2816,"601 Makkah Al Mukarramah Rd, King Abdulaziz District, Riyadh 11471, Saudi Arabia",24.704647,46.744141,ChIJH-28aDgDLz4RVaJBkQ3HvOY
Hyundai,Wallan Hyundai Showroom,Riyadh,Riyadh Province,Riyadh Principality,3.6,973,"QM85+6J Exit-5, Northern Ring Branch road, Al Muruj, Riyadh 12283, Saudi Arabia",24.76556,46.659033,ChIJO8dmBcXiLj4R4wI-cY7zbOU
Hyundai,Wallan Hyundai Showroom,Riyadh,Riyadh Province,Riyadh Principality,3.6,755,"HJ8C+R9 Alawali, Exit 28, Western Ring Branch road, Badiyah Badiyah, Riyadh 14924, Saudi Arabia",24.567121,46.620946,ChIJ7dFxaZsQLz4RdmOIU0EGh1E
Hyundai,Wallan Hyundai Showroom,Riyadh,Riyadh Province,Riyadh Principality,3.7,308,"An Nasim Ash Sharqi, Riyadh 14242, Saudi Arabia",24.7611388,46.8380757,ChIJRyUgvWOqLz4ROL_W7kWF4z4
Hyundai,Wallan Hyundai Showroom,Riyadh,Riyadh Province,Riyadh Principality,3.5,171,"HM2M+89, Al Khalil Ibn Ahmad, road - Shifa Shifa, Riyadh 14721, Saudi Arabia",24.5507474,46.6834764,ChIJaRdGqI4PLz4RKt2wYTiza4k
Hyundai,Hyundai Workshop,Riyadh,Riyadh Province,Riyadh Principality,3.3,2229,"JQHW+X2, 6440 Najran, Al Faisaliyyah, Riyadh 12896, Saudi Arabia",24.6299375,46.7950625,ChIJdbHBmdYHLz4R_IVHkzYh_vk
Hyundai,Wallan Quick Service,Riyadh,Riyadh Province,Riyadh Principality,3.9,260,"QR29+VP, An Nahdah, Riyadh 13222, Saudi Arabia",24.7522491,46.819336,ChIJfz2bFoQALz4R7HUQsJkjnrc
Hyundai,Hyundai Quick Service,Riyadh,Riyadh Province,Riyadh Principality,3.6,616,"PMF3+V6, Al Takhassousi, Al Mohammadiyyah, Riyadh 12362, Saudi Arabia",24.7247745,46.6531105,ChIJ-1Nn-EIdLz4RqFUNc5Bzf5c
Hyundai,Wallan Service Center,Riyadh,Riyadh Province,Riyadh Principality,2.8,490,"PP3V+MM, Makkah Al Mukarma rd, King Abdul Aziz, Riyadh 12411, Saudi Arabia",24.7040424,46.74337,ChIJ3Rn6FfsDLz4RQ7OsbYsci3g
Hyundai,Hyundai Quick Service,Riyadh,Riyadh Province,Riyadh Principality,3.6,428,"HM3F+53, Dirab Branch Rd, Al Marwah, Riyadh 14721, Saudi Arabia",24.5531188,46.6726351,ChIJ3Uc7LNUPLz4Rjo9VEMc_wp8
Hyundai,Hyundai Wallan Trading company,Riyadh,Riyadh Province,Riyadh Principality,3.1,166,"JQPV+R2 Exit 18 نجران، Al Faisaliyyah, Riyadh 12896, Saudi Arabia",24.6370625,46.7925625,ChIJM1aVuUcHLz4Rl1VGUoFen0U
Hyundai,مركز صيانة هيونداي الوعلان طريق خريص,Riyadh,Riyadh Province,Riyadh Principality,2.9,470,"حي, 3835 طريق خريص، النسيم الشرقي، الرياض 14242 8696،، An Nasim Ash Sharqi, Riyadh 14242, Saudi Arabia",24.7601239,46.838885,ChIJWQBDk92rLz4RrmKwL7dEdXY
Hyundai,Hyundai Quick Service Center,Riyadh,Riyadh Province,Riyadh Principality,3.8,750,"Aata Ibn Al Saeb, Ar Rabwah, Riyadh 12835, Saudi Arabia",24.6919944,46.767346,ChIJ6YwDA8gGLz4RmYV9N6DNNnE
Hyundai,Maintenance Hyundai Balbdiah,الرياض,منطقة الرياض,امارة منطقة الرياض,3.7,478,"خلف الهرم الدائرى الغربى, HJC7+25R، ظهرة نمار، الرياض 14925, Saudi Arabia",24.5701173,46.6128847,ChIJnwjtxwoaLz4RVnrNHbV7fjE
Hyundai,Hyundai Quick Service,Riyadh,Riyadh Province,Riyadh Principality,4,478,"PQPJ+HM, Ar Rawdah, Riyadh 13211, Saudi Arabia",24.7360757,46.7821803,ChIJIwjPYAMBLz4RLBsyMFfSNUw
Hyundai,Almajdouie Motors - Hyundai,Dammam,Eastern Province,Dammam Principality,4.1,235,"Al Imam Ali Ibn Abi Talib St, Al Nuzha, Dammam 32252, Saudi Arabia",26.4101321,50.1101857,ChIJmYUm-1r7ST4RjUlVMbr1jxA
Hyundai,المجدوعي الصيانة Almajdouie Workshop,الدمام,المنطقة الشرقية,الدمام,3.1,15,"32272، الفيصلية،, الفيصلية، الدمام 32272, Saudi Arabia",26.3998567,50.0506817,ChIJb1uNm9X9ST4R1LU3ltgxFGI
Hyundai,Almajdouie Motors - Hyundai,Dammam,Eastern Province,Dammam Principality,3.7,210,"شارع الملك فهد، Alfaysila area، Dammam 31411, Saudi Arabia",26.4008065,50.0524076,ChIJG2XsBhn9ST4R7te9JaYrySc
Hyundai,Almajdouie Motors - Hyundai,Dammam,Eastern Province,Dammam Principality,3.7,293,"King Faisal Ibn Abd Al Aziz, Al Tubayshi, Dammam 32233, Saudi Arabia",26.437584,50.1224982,ChIJzYqpPgv7ST4RhnLVSROchMQ
Hyundai,Almajdouie - Hyundai and Changan,Dammam,Eastern Province,Dammam Principality,4.1,136,"28th Street, Al Aziziyah, Dammam 32424, Saudi Arabia",26.4562181,50.0805685,ChIJeRXg_Rf8ST4Rbl5OIo-7KPE
Hyundai,Hyundai - Al Majdouie,Al Qatif,Eastern Province,Al-Qatif,3.7,95,"8129 Al Quds St, Al Majidiyah, 3894، Al Qatif 32632, Saudi Arabia",26.5426057,50.0223391,ChIJvSb6CQsASj4R6h6icHy2yP0
Hyundai,Almajdouie Motors - Hyundai services,Saihat,Eastern Province,Al-Qatif,4.1,142,"طريق الخليج ، حي، An Nasim, Saihat 32453, Saudi Arabia",26.5038958,50.0376911,ChIJ55rtgPj_ST4RdYZ7ypKotPs
Hyundai,AlMajdouie Motors - Hyundai,Al Khobar,Eastern Province,Al Khobar,3.8,384,"Custodian of The Two Holy Mosques Rd, Al-Thuqbah, Al Khobar 34446, Saudi Arabia",26.2855815,50.1899246,ChIJtRpGzgzoST4Ria-4QxdtHAU
Hyundai,الخدمة السريعة لسيارات هيونداي,Dammam,Eastern Province,Dammam Principality,3.5,489,"King Fahd Road, Al Faysaliyah, Dammam 32272, Saudi Arabia",26.3997482,50.0509397,ChIJ5cRpShj9ST4Re_z4Xdbrn1M
Hyundai,Almajdouie Motors - Hyundai,Al Khobar,Eastern Province,Al Khobar,3.7,592,"Sinayiat Al Thuqba, Al Khobar 34626, Saudi Arabia",26.2541215,50.1992311,ChIJZdtusb7CST4R5zsJUOVHKaY
Hyundai,Almajdouie Motors - Hyundai,الهفوف‎,المنطقة الشرقية,الاحساء,3.9,401,"الملك عبدالله طريق قطر مدينة, المزروع الثاني، الهفوف‎ 36365, Saudi Arabia",25.3426881,49.6148682,ChIJUYxX4duTNz4R65p7XSdQe2E
Hyundai,Almajdouie Motors - Hyundai,Al Mubarraz,Eastern Province,Al Ahsa,3.7,517,"Dhahran Rd, Al Khars, Al Mubarraz 36342, Saudi Arabia",25.4413117,49.5707445,ChIJEUey2oK9Nz4RTgdy1S0eCb4
Hyundai,Almajdouie Motors - Hyundai & Genesis,Al Hofuf,Eastern Province,Al Ahsa,3.9,938,"طريق الرياض،، Al Salmaniyah North, Al Hofuf 36421, Saudi Arabia",25.3610924,49.5507549,ChIJWdSR2TiXNz4RtDnx1QlMd-U
Hyundai,Almajdouie Motors - Hyundai,Al Mubarraz,Eastern Province,Al Ahsa,3.3,93,"5332 طريق الملك فهد، الأندلس، الهفوف والمبرز 36341 6465،، 6465, Al Andalus, Al Mubarraz 36341, Saudi Arabia",25.3943651,49.606578,ChIJY8eFkA-XNz4R-1CT6GIYIME
Hyundai,Almajdouie Motors - Hyundai,Al Mubarraz,Eastern Province,Al Ahsa,3.7,297,"طريق الرياض الهفوف، Al Salmaniyah North, Al Mubarraz 36421, Saudi Arabia",25.3610193,49.5502372,ChIJ_-c8zjiXNz4RIFF3NlfOTJ0
Hyundai,شركة المجدوعي هونداي لقطع الغيار,الدمام,المنطقة الشرقية,الدمام,3.5,49,"الخضرية،، الدمام 32432, Saudi Arabia",26.4484561,50.0552364,ChIJfc0eywz9ST4R--2bNKzAVqI
Hyundai,معرض المجدوعي للسيارات - هيونداي - صالة العرض Almajdouie Motors Show Room - Hyundai,Saihat,Eastern Province,Al-Qatif,4.7,24,"Khaleej Rd, Qurtoba, Saihat 32453, Saudi Arabia",26.5041003,50.0376891,ChIJMc-PlUH_ST4RncFx_b3ZNp4
Hyundai,Almajdouie Motors - Hyundai & Genesis,Al Khobar,Eastern Province,Al Khobar,4,1667,"King Fahd Road, Al Bustan, Al Khobar 34422, Saudi Arabia",26.3177208,50.2105243,ChIJk7xBM_HoST4Ros3axmy4OwM
Hyundai,Hyundai Maintenance and Service Center,Dammam,Eastern Province,Dammam Principality,3.2,244,"Unnamed Road، F22M+8M7, Industrial, Dammam 32442, Saudi Arabia",26.4507872,50.0341739,ChIJ92xteOP9ST4R29c_HcvHrfI
Hyundai,Almajdouie Motors - Hyundai & Genesis,الدمام,المنطقة الشرقية,الدمام,4,1812,"طريق الملك فهد, 2747 23 ا, الفيصلية، الدمام 32243, Saudi Arabia",26.4003148,50.0503485,ChIJNwEExhn9ST4Rr21F2v5bTxE
Hyundai,شركة محمد يوسف ناغي للسيارات‎ { معرض هيونداي اوتو مول AutoMall Hyundai Showroom }‎,جدة,مكة المكرمة,جدة,4,520,"Al Muhammadiyah District, 6897 عبدالله بن جناب, المحمدية، 3932, جدة 23617, Saudi Arabia",21.6495576,39.1144636,ChIJ-7kqEp3ZwxURFWXEfaxSgKg
Hyundai,Madina Road Hyundai Showroom,Jeddah,Makkah Province,Jeddah,3.9,451,"Al Bawadi, Jeddah 23443, Saudi Arabia",21.5876726,39.1634817,ChIJ-e6luKLRwxUR2YGkeH9eFDo
Hyundai,شركة محمد يوسف ناغي للسيارات‎ { معرض هيونداي طريق التحلية الرحاب Tahlia Road Hyundai Showroom }‎,Jeddah,Makkah Province,Jeddah,3.2,96,"9228 Al Nadi Al Ahli, Al-Rehab, Jeddah 23345, Saudi Arabia",21.5645872,39.2163661,ChIJA-7HJePRwxUROXNqHTP15CM
Hyundai,Mohamed Yousuf Naghi Motors King Abdullah road showroom,Jeddah,Makkah Province,Jeddah,3.8,2134,"King Abdullah Branch Rd, Ash-Sharafiyah District, Jeddah 23216, Saudi Arabia",21.5113312,39.1827972,ChIJP9ml4rrPwxURMw3K1B9VhJg
Hyundai,شركة محمد يوسف ناغي للسيارات‎ {هيونداي خدمة صيانة سريعة الصحافة Sahafah Hyundai Quick Service Center }‎,Jeddah,Makkah Province,Jeddah,3.7,602,"غرناطة، حي، Mishrifah, Jeddah 23341, Saudi Arabia",21.5473647,39.2098175,ChIJJZ28kcbRwxURRKlzwjyEZq8
Hyundai,شركة محمد يوسف ناغي للسيارات‎ {هيونداي مركز صيانة طريق التحلية الرحاب Tahlia Road Hyundai Service Center}‎,Jeddah,Makkah Province,Jeddah,3.3,1369,"3481 9277 Prince Mohammed Bin Abdulaziz St, الفرعي, Jeddah 23345, Saudi Arabia",21.5644559,39.2165354,ChIJgySX-KHRwxURD4nLQIW5KC4
Hyundai,شركة محمد يوسف ناغي للسيارات‎ {هيونداي خدمة صيانة سريعة السامر Al-Samir Hyundai Quick Service Center }‎,Jeddah,Makkah Province,Jeddah,3.5,712,"Quick Service Center, Al Samer, Jeddah 23466, Saudi Arabia",21.5974699,39.2499514,ChIJxXUUqPfTwxURZmlPIS9O7OM
Hyundai,شركة محمد يوسف ناغي للسيارات‎ { معرض هيونداي طريق الحرمين Al Haramain Road Hyundai Showroom }‎‎,Jeddah,Makkah Province,Jeddah,4.1,46,"M6F3+JV4, Al Rayaan, Jeddah 23643, Saudi Arabia",21.6749659,39.2048779,ChIJd8g7JuzXwxURJQaNs9hIRhc
Hyundai,شركة محمد يوسف ناغي للسيارات‎ {هيونداي خدمة صيانة سريعة المروى Al Marwah Hyundai Quick Service Center }‎,Jeddah,Makkah Province,Jeddah,4.2,20,"عبد الرحمن الخزاعي، Al Marwah, Jeddah 23545, Saudi Arabia",21.6160019,39.2160778,ChIJIydHFYLXwxURO-6zLqEtyYI
Hyundai,شركة محمد يوسف ناغي للسيارات‎ {هيونداي السمكرة والدهان الحرمين Al Haramain Hyundai Body and Paint}‎,جدة,مكة المكرمة,جدة,3.1,1298,"7075 الطريق الدائري، حي الريان، جدة 23643 2329،, Haramain Road، الريان، جدة 23643, Saudi Arabia",21.6741641,39.2048769,ChIJTyRbUwzXwxURxuA8W-E21Ic
Hyundai,شركة محمد يوسف ناغي للسيارات‎ {هيونداي قطع الغيار الحرمين Al Haramain Hyundai Genuine Parts }‎,Jeddah,Makkah Province,Jeddah,1.9,14,"Haramain Road, Al Rayyan, Jeddah 23643, Saudi Arabia",21.6737983,39.2048535,ChIJ9VQQQ9nXwxURvKUmpu-0-uc
Hyundai,شركة محمد يوسف ناغي للسيارات جدة الحمدانية صيانة سريعة ( Hyundai Mohamed Yousuf Naghi Jeddah Hamadanyyah Quick Service ),Jeddah,Makkah Province,Jeddah,3.6,118,"Al Hamadaniyyah, Jeddah 23761, Saudi Arabia",21.7565679,39.19755,ChIJ5yfOH-19wRURgdm2p1hKci0
Hyundai,Almajdouie Motors - Hyundai,Hafar Al Batin,Eastern Province,Hafar Al-Batin,4,402,"King Abdulaziz Rd, Al Faisaliyah, Hafar Al Batin 39951, Saudi Arabia",28.4061701,45.9668113,ChIJ718avFg_1z8RgPmk289OrQo
Hyundai,شركة محمد يوسف ناغي للسيارات‎ { معرض هيونداي طريق الملك فهد خميس - أبها Khamis - Abha Road Hyundai Showroom }‎‎,أبها,منطقة عسير,خميس مشيط,3.8,825,"King Fahd Road, Khamis Mushait, حجله، أبها 62451, Saudi Arabia",18.2815819,42.671068,ChIJUd_MBwFX-xURjO5ft7UySO0
Hyundai,Hyundai: Mohamed Yousuf Naghi Motors,أبها,منطقة عسير,امارة منطقة عسير,3.3,653,"King Abdullah Rd, العرين، أبها 62524, Saudi Arabia",18.2236465,42.5224448,ChIJ-z1PvJJU4xURc8E_MP7aFEU
Hyundai,شركة محمد يوسف ناغي للسيارات‎ {هيونداي خدمة صيانة سريعة المدينة طريق المطار Madina Airport Rd Hyundai Quick Service Center }‎,Madinah,Al Madinah Province,Madinah Principality,3.6,798,"Airport Rd, Al Talah, Madinah 42322, Saudi Arabia",24.5090346,39.6563813,ChIJy5UEyAC-vRUR8VYxBQy9Vk8
Hyundai - Al Majdouie,Almajdouie Motors - Hyundai,Dammam,Eastern Province,Dammam Principality,4.1,235,"Al Imam Ali Ibn Abi Talib St, Al Nuzha, Dammam 32252, Saudi Arabia",26.4101321,50.1101857,ChIJmYUm-1r7ST4RjUlVMbr1jxA
Hyundai - Al Majdouie,المجدوعي الصيانة Almajdouie Workshop,الدمام,المنطقة الشرقية,الدمام,3.1,15,"32272، الفيصلية،, الفيصلية، الدمام 32272, Saudi Arabia",26.3998567,50.0506817,ChIJb1uNm9X9ST4R1LU3ltgxFGI
Hyundai - Al Majdouie,Almajdouie Motors - Hyundai,Dammam,Eastern Province,Dammam Principality,3.7,210,"شارع الملك فهد، Alfaysila area، Dammam 31411, Saudi Arabia",26.4008065,50.0524076,ChIJG2XsBhn9ST4R7te9JaYrySc
Hyundai - Al Majdouie,Almajdouie Motors - Hyundai,Dammam,Eastern Province,Dammam Principality,3.7,293,"King Faisal Ibn Abd Al Aziz, Al Tubayshi, Dammam 32233, Saudi Arabia",26.437584,50.1224982,ChIJzYqpPgv7ST4RhnLVSROchMQ
Hyundai - Al Majdouie,Almajdouie - Hyundai and Changan,Dammam,Eastern Province,Dammam Principality,4.1,136,"28th Street, Al Aziziyah, Dammam 32424, Saudi Arabia",26.4562181,50.0805685,ChIJeRXg_Rf8ST4Rbl5OIo-7KPE
Hyundai - Al Majdouie,Hyundai - Al Majdouie,Al Qatif,Eastern Province,Al-Qatif,3.7,95,"8129 Al Quds St, Al Majidiyah, 3894، Al Qatif 32632, Saudi Arabia",26.5426057,50.0223391,ChIJvSb6CQsASj4R6h6icHy2yP0
Hyundai - Al Majdouie,Almajdouie Motors - Hyundai services,Saihat,Eastern Province,Al-Qatif,4.1,142,"طريق الخليج ، حي، An Nasim, Saihat 32453, Saudi Arabia",26.5038958,50.0376911,ChIJ55rtgPj_ST4RdYZ7ypKotPs
Hyundai - Al Majdouie,AlMajdouie Motors - Hyundai,Al Khobar,Eastern Province,Al Khobar,3.8,384,"Custodian of The Two Holy Mosques Rd, Al-Thuqbah, Al Khobar 34446, Saudi Arabia",26.2855815,50.1899246,ChIJtRpGzgzoST4Ria-4QxdtHAU
Hyundai - Al Majdouie,Almajdouie Motors - Hyundai,Al Khobar,Eastern Province,Al Khobar,3.7,592,"Sinayiat Al Thuqba, Al Khobar 34626, Saudi Arabia",26.2541215,50.1992311,ChIJZdtusb7CST4R5zsJUOVHKaY
Hyundai - Al Majdouie,Almajdouie Motors - Hyundai,الهفوف‎,المنطقة الشرقية,الاحساء,3.9,401,"الملك عبدالله طريق قطر مدينة, المزروع الثاني، الهفوف‎ 36365, Saudi Arabia",25.3426881,49.6148682,ChIJUYxX4duTNz4R65p7XSdQe2E
Hyundai - Al Majdouie,Almajdouie Motors - Hyundai,Al Mubarraz,Eastern Province,Al Ahsa,3.7,517,"Dhahran Rd, Al Khars, Al Mubarraz 36342, Saudi Arabia",25.4413117,49.5707445,ChIJEUey2oK9Nz4RTgdy1S0eCb4
Hyundai - Al Majdouie,Almajdouie Motors - Hyundai & Genesis,Al Hofuf,Eastern Province,Al Ahsa,3.9,938,"طريق الرياض،، Al Salmaniyah North, Al Hofuf 36421, Saudi Arabia",25.3610924,49.5507549,ChIJWdSR2TiXNz4RtDnx1QlMd-U
Hyundai - Al Majdouie,Almajdouie Motors - Hyundai,Al Mubarraz,Eastern Province,Al Ahsa,3.3,93,"5332 طريق الملك فهد، الأندلس، الهفوف والمبرز 36341 6465،، 6465, Al Andalus, Al Mubarraz 36341, Saudi Arabia",25.3943651,49.606578,ChIJY8eFkA-XNz4R-1CT6GIYIME
Hyundai - Al Majdouie,Almajdouie Motors - Hyundai,Al Mubarraz,Eastern Province,Al Ahsa,3.7,297,"طريق الرياض الهفوف، Al Salmaniyah North, Al Mubarraz 36421, Saudi Arabia",25.3610193,49.5502372,ChIJ_-c8zjiXNz4RIFF3NlfOTJ0
Hyundai - Al Majdouie,شركة المجدوعي هونداي لقطع الغيار,الدمام,المنطقة الشرقية,الدمام,3.5,49,"الخضرية،، الدمام 32432, Saudi Arabia",26.4484561,50.0552364,ChIJfc0eywz9ST4R--2bNKzAVqI
Hyundai - Al Majdouie,معرض المجدوعي للسيارات - هيونداي - صالة العرض Almajdouie Motors Show Room - Hyundai,Saihat,Eastern Province,Al-Qatif,4.7,24,"Khaleej Rd, Qurtoba, Saihat 32453, Saudi Arabia",26.5041003,50.0376891,ChIJMc-PlUH_ST4RncFx_b3ZNp4
Hyundai - Al Majdouie,Almajdouie Motors - Hyundai & Genesis,Al Khobar,Eastern Province,Al Khobar,4,1667,"King Fahd Road, Al Bustan, Al Khobar 34422, Saudi Arabia",26.3177208,50.2105243,ChIJk7xBM_HoST4Ros3axmy4OwM
Hyundai - Al Majdouie,Almajdouie Motors - Hyundai & Genesis,الدمام,المنطقة الشرقية,الدمام,4,1812,"طريق الملك فهد, 2747 23 ا, الفيصلية، الدمام 32243, Saudi Arabia",26.4003148,50.0503485,ChIJNwEExhn9ST4Rr21F2v5bTxE
Hyundai - Al Majdouie,الخدمة السريعة لسيارات هيونداي,Dammam,Eastern Province,Dammam Principality,3.5,489,"King Fahd Road, Al Faysaliyah, Dammam 32272, Saudi Arabia",26.3997482,50.0509397,ChIJ5cRpShj9ST4Re_z4Xdbrn1M
Hyundai - Al Majdouie,Hyundai Maintenance and Service Center,Dammam,Eastern Province,Dammam Principality,3.2,244,"Unnamed Road، F22M+8M7, Industrial, Dammam 32442, Saudi Arabia",26.4507872,50.0341739,ChIJ92xteOP9ST4R29c_HcvHrfI
Hyundai - Al Majdouie,Almajdouie Motors - Hyundai,Hafar Al Batin,Eastern Province,Hafar Al-Batin,4,402,"King Abdulaziz Rd, Al Faisaliyah, Hafar Al Batin 39951, Saudi Arabia",28.4061701,45.9668113,ChIJ718avFg_1z8RgPmk289OrQo
Hyundai - Al Wallan,Wallan Hyundai Showroom,Riyadh,Riyadh Province,Riyadh Principality,3.8,2816,"601 Makkah Al Mukarramah Rd, King Abdulaziz District, Riyadh 11471, Saudi Arabia",24.704647,46.744141,ChIJH-28aDgDLz4RVaJBkQ3HvOY
Hyundai - Al Wallan,Wallan Hyundai Showroom,Riyadh,Riyadh Province,Riyadh Principality,3.6,973,"QM85+6J Exit-5, Northern Ring Branch road, Al Muruj, Riyadh 12283, Saudi Arabia",24.76556,46.659033,ChIJO8dmBcXiLj4R4wI-cY7zbOU
Hyundai - Al Wallan,Wallan Hyundai Showroom,Riyadh,Riyadh Province,Riyadh Principality,3.6,755,"HJ8C+R9 Alawali, Exit 28, Western Ring Branch road, Badiyah Badiyah, Riyadh 14924, Saudi Arabia",24.567121,46.620946,ChIJ7dFxaZsQLz4RdmOIU0EGh1E
Hyundai - Al Wallan,Wallan Hyundai Showroom,Riyadh,Riyadh Province,Riyadh Principality,3.7,308,"An Nasim Ash Sharqi, Riyadh 14242, Saudi Arabia",24.7611388,46.8380757,ChIJRyUgvWOqLz4ROL_W7kWF4z4
Hyundai - Al Wallan,Wallan Hyundai Showroom,Riyadh,Riyadh Province,Riyadh Principality,3.5,171,"HM2M+89, Al Khalil Ibn Ahmad, road - Shifa Shifa, Riyadh 14721, Saudi Arabia",24.5507474,46.6834764,ChIJaRdGqI4PLz4RKt2wYTiza4k
Hyundai - Al Wallan,Wallan Quick Service,Riyadh,Riyadh Province,Riyadh Principality,3.9,260,"QR29+VP, An Nahdah, Riyadh 13222, Saudi Arabia",24.7522491,46.819336,ChIJfz2bFoQALz4R7HUQsJkjnrc
Hyundai - Al Wallan,Wallan Service Center,Riyadh,Riyadh Province,Riyadh Principality,2.8,490,"PP3V+MM, Makkah Al Mukarma rd, King Abdul Aziz, Riyadh 12411, Saudi Arabia",24.7040424,46.74337,ChIJ3Rn6FfsDLz4RQ7OsbYsci3g
Hyundai - Al Wallan,Hyundai Wallan Trading company,Riyadh,Riyadh Province,Riyadh Principality,3.1,166,"JQPV+R2 Exit 18 نجران، Al Faisaliyyah, Riyadh 12896, Saudi Arabia",24.6370625,46.7925625,ChIJM1aVuUcHLz4Rl1VGUoFen0U
Hyundai - Al Wallan,مركز صيانة هيونداي الوعلان طريق خريص,Riyadh,Riyadh Province,Riyadh Principality,2.9,470,"حي, 3835 طريق خريص، النسيم الشرقي، الرياض 14242 8696،، An Nasim Ash Sharqi, Riyadh 14242, Saudi Arabia",24.7601239,46.838885,ChIJWQBDk92rLz4RrmKwL7dEdXY
Hyundai - Al Wallan,Hyundai Quick Service,Riyadh,Riyadh Province,Riyadh Principality,4,478,"PQPJ+HM, Ar Rawdah, Riyadh 13211, Saudi Arabia",24.7360757,46.7821803,ChIJIwjPYAMBLz4RLBsyMFfSNUw
Hyundai - Al Wallan,Maintenance Hyundai Balbdiah,الرياض,منطقة الرياض,امارة منطقة الرياض,3.7,478,"خلف الهرم الدائرى الغربى, HJC7+25R، ظهرة نمار، الرياض 14925, Saudi Arabia",24.5701173,46.6128847,ChIJnwjtxwoaLz4RVnrNHbV7fjE
Hyundai - Al Wallan,Hyundai Quick Service Center,Riyadh,Riyadh Province,Riyadh Principality,3.8,750,"Aata Ibn Al Saeb, Ar Rabwah, Riyadh 12835, Saudi Arabia",24.6919944,46.767346,ChIJ6YwDA8gGLz4RmYV9N6DNNnE
Hyundai - Al Wallan,Hyundai Quick Service,Riyadh,Riyadh Province,Riyadh Principality,3.6,428,"HM3F+53, Dirab Branch Rd, Al Marwah, Riyadh 14721, Saudi Arabia",24.5531188,46.6726351,ChIJ3Uc7LNUPLz4Rjo9VEMc_wp8
Hyundai - Al Wallan,Hyundai Quick Service,Riyadh,Riyadh Province,Riyadh Principality,3.6,616,"PMF3+V6, Al Takhassousi, Al Mohammadiyyah, Riyadh 12362, Saudi Arabia",24.7247745,46.6531105,ChIJ-1Nn-EIdLz4RqFUNc5Bzf5c
Hyundai - Al Wallan,Hyundai Workshop,Riyadh,Riyadh Province,Riyadh Principality,3.3,2229,"JQHW+X2, 6440 Najran, Al Faisaliyyah, Riyadh 12896, Saudi Arabia",24.6299375,46.7950625,ChIJdbHBmdYHLz4R_IVHkzYh_vk
Hyundai - Naghi,شركة محمد يوسف ناغي للسيارات‎ { معرض هيونداي اوتو مول AutoMall Hyundai Showroom }‎,جدة,مكة المكرمة,جدة,4,520,"Al Muhammadiyah District, 6897 عبدالله بن جناب, المحمدية، 3932, جدة 23617, Saudi Arabia",21.6495576,39.1144636,ChIJ-7kqEp3ZwxURFWXEfaxSgKg
Hyundai - Naghi,Madina Road Hyundai Showroom,Jeddah,Makkah Province,Jeddah,3.9,451,"Al Bawadi, Jeddah 23443, Saudi Arabia",21.5876726,39.1634817,ChIJ-e6luKLRwxUR2YGkeH9eFDo
Hyundai - Naghi,شركة محمد يوسف ناغي للسيارات‎ { معرض هيونداي طريق التحلية الرحاب Tahlia Road Hyundai Showroom }‎,Jeddah,Makkah Province,Jeddah,3.2,96,"9228 Al Nadi Al Ahli, Al-Rehab, Jeddah 23345, Saudi Arabia",21.5645872,39.2163661,ChIJA-7HJePRwxUROXNqHTP15CM
Hyundai - Naghi,Mohamed Yousuf Naghi Motors King Abdullah road showroom,Jeddah,Makkah Province,Jeddah,3.8,2134,"King Abdullah Branch Rd, Ash-Sharafiyah District, Jeddah 23216, Saudi Arabia",21.5113312,39.1827972,ChIJP9ml4rrPwxURMw3K1B9VhJg
Hyundai - Naghi,شركة محمد يوسف ناغي للسيارات‎ {هيونداي خدمة صيانة سريعة الصحافة Sahafah Hyundai Quick Service Center }‎,Jeddah,Makkah Province,Jeddah,3.7,602,"غرناطة، حي، Mishrifah, Jeddah 23341, Saudi Arabia",21.5473647,39.2098175,ChIJJZ28kcbRwxURRKlzwjyEZq8
Hyundai - Naghi,شركة محمد يوسف ناغي للسيارات‎ {هيونداي مركز صيانة طريق التحلية الرحاب Tahlia Road Hyundai Service Center}‎,Jeddah,Makkah Province,Jeddah,3.3,1369,"3481 9277 Prince Mohammed Bin Abdulaziz St, الفرعي, Jeddah 23345, Saudi Arabia",21.5644559,39.2165354,ChIJgySX-KHRwxURD4nLQIW5KC4
Hyundai - Naghi,شركة محمد يوسف ناغي للسيارات‎ {هيونداي خدمة صيانة سريعة السامر Al-Samir Hyundai Quick Service Center }‎,Jeddah,Makkah Province,Jeddah,3.5,712,"Quick Service Center, Al Samer, Jeddah 23466, Saudi Arabia",21.5974699,39.2499514,ChIJxXUUqPfTwxURZmlPIS9O7OM
Hyundai - Naghi,شركة محمد يوسف ناغي للسيارات‎ { معرض هيونداي طريق الحرمين Al Haramain Road Hyundai Showroom }‎‎,Jeddah,Makkah Province,Jeddah,4.1,46,"M6F3+JV4, Al Rayaan, Jeddah 23643, Saudi Arabia",21.6749659,39.2048779,ChIJd8g7JuzXwxURJQaNs9hIRhc
Hyundai - Naghi,شركة محمد يوسف ناغي للسيارات‎ {هيونداي خدمة صيانة سريعة المروى Al Marwah Hyundai Quick Service Center }‎,Jeddah,Makkah Province,Jeddah,4.2,20,"عبد الرحمن الخزاعي، Al Marwah, Jeddah 23545, Saudi Arabia",21.6160019,39.2160778,ChIJIydHFYLXwxURO-6zLqEtyYI
Hyundai - Naghi,شركة محمد يوسف ناغي للسيارات‎ {هيونداي السمكرة والدهان الحرمين Al Haramain Hyundai Body and Paint}‎,جدة,مكة المكرمة,جدة,3.1,1298,"7075 الطريق الدائري، حي الريان، جدة 23643 2329،, Haramain Road، الريان، جدة 23643, Saudi Arabia",21.6741641,39.2048769,ChIJTyRbUwzXwxURxuA8W-E21Ic
Hyundai - Naghi,شركة محمد يوسف ناغي للسيارات‎ {هيونداي قطع الغيار الحرمين Al Haramain Hyundai Genuine Parts }‎,Jeddah,Makkah Province,Jeddah,1.9,14,"Haramain Road, Al Rayyan, Jeddah 23643, Saudi Arabia",21.6737983,39.2048535,ChIJ9VQQQ9nXwxURvKUmpu-0-uc
Hyundai - Naghi,شركة محمد يوسف ناغي للسيارات جدة الحمدانية صيانة سريعة ( Hyundai Mohamed Yousuf Naghi Jeddah Hamadanyyah Quick Service ),Jeddah,Makkah Province,Jeddah,3.6,118,"Al Hamadaniyyah, Jeddah 23761, Saudi Arabia",21.7565679,39.19755,ChIJ5yfOH-19wRURgdm2p1hKci0
Hyundai - Naghi,شركة محمد يوسف ناغي للسيارات‎ { معرض هيونداي طريق الملك فهد خميس - أبها Khamis - Abha Road Hyundai Showroom }‎‎,أبها,منطقة عسير,خميس مشيط,3.8,825,"King Fahd Road, Khamis Mushait, حجله، أبها 62451, Saudi Arabia",18.2815819,42.671068,ChIJUd_MBwFX-xURjO5ft7UySO0
Hyundai - Naghi,Hyundai: Mohamed Yousuf Naghi Motors,أبها,منطقة عسير,امارة منطقة عسير,3.3,653,"King Abdullah Rd, العرين، أبها 62524, Saudi Arabia",18.2236465,42.5224448,ChIJ-z1PvJJU4xURc8E_MP7aFEU
Hyundai - Naghi,شركة محمد يوسف ناغي للسيارات‎ {هيونداي خدمة صيانة سريعة المدينة طريق المطار Madina Airport Rd Hyundai Quick Service Center }‎,Madinah,Al Madinah Province,Madinah Principality,3.6,798,"Airport Rd, Al Talah, Madinah 42322, Saudi Arabia",24.5090346,39.6563813,ChIJy5UEyAC-vRUR8VYxBQy9Vk8
Changan,صيانة شانجان المجدوعي الدمام - الخير,Dammam,Eastern Province,Dammam Principality,2.7,732,"6733 3178 Al Urdun, Al Faiha, Dammam 32441, Saudi Arabia",26.4438504,50.0421903,ChIJRbX_ec_9ST4RQSMHBpxlYu0
Changan,معرض شانجان المجدوعي الخبر - طريق الملك فهد,Al Khobar,Eastern Province,Al Khobar,4.2,325,"قرطبة،, Al Khobar 34235, Saudi Arabia",26.3374616,50.1988929,ChIJLZPo1kHpST4RydjxCuD9GCA
Changan,Changan,Dhahran,Eastern Province,Dammam Principality,3.8,1560,"7682، 4280 King Saud Bin Abdulaziz Rd, 4280, Al Qashlah, Dhahran 34232, Saudi Arabia",26.3626979,50.1778091,ChIJIecUnYzlST4ReIPxxqR2P2E
Changan,صيانة شانجان المجدوعي الأحساء - طريق الرياض,Al Hofuf,Eastern Province,Al Ahsa,2.9,235,"Riyadh Rd, Al Salmaniyah North, Al Hofuf 36421, Saudi Arabia",25.3617395,49.5525949,ChIJ8d0AiyOXNz4RVSMYmFdSv90
Changan,Changan Almajdouie Showroom – Exit 13,Riyadh,Riyadh Province,Riyadh Principality,3.4,1335,"Eastern Ring Branch Rd, King Abdullah Dt., Riyadh 12422, Saudi Arabia",24.7179193,46.7592609,ChIJC5DOYGkBLz4RjvM2yooF5Kk
Changan,changan,Riyadh,Riyadh Province,Riyadh Principality,2.9,1469,"8362 Eastern Ring Branch Rd, 3991, Al Faisaliyyah, Riyadh 12892, Saudi Arabia",24.647122,46.7933263,ChIJ99bM4M4HLz4RIoidtMK1lB4
Changan,صيانة شانجان المجدوعي الرياض - صناعية الشمال,Diriyah,Riyadh Province,Riyadh Principality,3.2,1215,"VH4G+8C, Al Qirawan, Diriyah 13542, Saudi Arabia",24.8553445,46.5760187,ChIJL97c--3nLj4R-duAAJ8rgPo
Changan,صيانة شانجان المجدوعي الخبر - طريق الملك فهد,الخبر,المنطقة الشرقية,الخبر,3.9,271,"قرطبه،, قرطبة، الخبر 34235, Saudi Arabia",26.3370322,50.1981288,ChIJg1jEEBTpST4RgOZDp6eCDws
Changan,Changan,Jeddah,Makkah Province,Jeddah,3.8,85,"King Abdallah Rd, An Naseem, Jeddah 23236, Saudi Arabia",21.5097049,39.2406587,ChIJyynuuVbNwxURTKvadomyijU
Changan,معرض شانجان المجدوعي جده - طريق الأمير سلطان,جدة,مكة المكرمة,جدة,3.8,354,"7645 الامير سلطان, As Salamah District, As Salamah District, جدة 23525, Saudi Arabia",21.6082948,39.1418992,ChIJ44iX2wHawxURZmpfot0GA2I
Changan,صيانة شانجان المجدوعي جدة - طريق الأمير سلطان,Jeddah,Makkah Province,Jeddah,3.7,929,"Sultan Palace Hotel Suit, As Salamah, Jeddah 23525, Saudi Arabia",21.608374,39.1418155,ChIJ-1IFu7zbwxURpoWIx3MFDP8
Changan,مركز صيانة شانجان,Abha,Aseer Province,Asir Principality,3.3,87,"King Fahd Rd, Arim, Abha 62563, Saudi Arabia",18.2594253,42.6341879,ChIJ9YkYdbBX-xURehtYw6qMqxc
Changan,صيانة شانجان خميس مشيط - سمو,خميس مشيط,منطقة عسير,خميس مشيط,2.5,74,"62563, 6380 طريق الملك فهد، التحلية، خميس مشيط 62454, Saudi Arabia",18.2963992,42.6849427,ChIJTSGKZclX-xURh83TS9OxAAk
Changan,معرض شانجان خميس مشيط - سمو,Khamis Mushait,Aseer Province,Asir Principality,3.5,273,"3611 King Fahd Rd, Arim, Khamis Mushait 62437, Saudi Arabia",18.2591577,42.6344558,ChIJ9yygbrdX-xUROUe87hwe2Xs
Peugeot & Citroen,Almajdouie Peugeot | المجدوعي بيجو,Dammam,Eastern Province,Dammam Principality,2.5,72,"Al Faiha, Dammam 32442, Saudi Arabia",26.4438367,50.0421651,ChIJf3MGtZL9ST4RFvPKwP0pSbQ
Peugeot & Citroen,Almajdouie Peugeot Showroom | معرض المجدوعي بيجو,Al Khobar,Eastern Province,Al Khobar,4.2,287,"King Fahd Road, Al Bustan, Al Khobar 34432, Saudi Arabia",26.3198807,50.2092644,ChIJcSQ4ksbpST4Rs-QF9rVBQ0o
Peugeot & Citroen,Almajdouie Peugeot Showroom | معرض المجدوعي بيجو,الرياض,منطقة الرياض,امارة منطقة الرياض,3.4,85,"Riyadh, Exit 13, Riyadh, 12422, الملك عبدالله، الرياض 20129, Saudi Arabia",24.7177308,46.7592495,ChIJjZy08XIBLz4RkfznClEFgFs
Peugeot & Citroen,Almajdouie Peugeot Service Center - مركز صيانة المجدوعي بيجو,Riyadh,Riyadh Province,Riyadh Principality,2.8,399,"Al Qirawan، الوسطى، Riyadh 11564, Saudi Arabia",24.8553219,46.575988,ChIJ52FI_MjnLj4Rv7Xk3mZzXDM
Peugeot & Citroen,Almajdouie Peugeot And Citroen - Jeddah Automall المجدوعي بيجو و سيتروين- أوتو مول جدة,Jeddah,Makkah Province,Jeddah,4.5,20,"Auto Mall, Al Mohammadiyyah, Jeddah 23617, Saudi Arabia",21.6481689,39.1130856,ChIJbdFBQMjZwxURbqxW4nLf3dA
Peugeot & Citroen,المجدوعي بيجو قطع غيار وصيانة,Jeddah,Makkah Province,Jeddah,3.6,218,"شارع الأمل،،، النعيم،، Jeddah 23526, Saudi Arabia",21.6273554,39.1512094,ChIJ9yKWvBvbwxURlrsTXtKU7Wg
Toyota,Abdul Latif Jameel Motors – Toyota|عبد اللطيف جميل للسيارات - تويوتا,Al Qatif,Eastern Province,Al-Qatif,3.6,1164,"Al Quds St, Warehouse Area, Al Qatif 32632, Saudi Arabia",26.542549,50.021521,ChIJ63fAqgsASj4RdN2hhQk6so8
Toyota,Abdul Latif Jameel Motors – Toyota|عبد اللطيف جميل للسيارات - تويوتا,Al Dammam,المنطقة الشرقية,الدمام,3.5,3698,"Al Dammam, شارع الملك سعود بن عبدالعزيز، Al Jalwih Dist, Al Dammam 32246, Saudi Arabia",26.440374,50.070661,ChIJA5Q700f8ST4ROwq5-QjqMKE
Toyota,Abdul Latif Jameel Motors – Toyota|عبد اللطيف جميل للسيارات - تويوتا,الخبر,المنطقة الشرقية,الخبر,3.4,3450,"Khobar,Olaya Distract, طريق الأمير فيصل بن فهد، العليا، الخبر 34447, Saudi Arabia",26.307574,50.17665,ChIJO9dovi7mST4R2fV2KUWBSD0
Toyota,Abdul Latif Jameel Motors – Toyota (Spare parts) | عبد اللطيف جميل للسيارات – تويوتا (قطع الغيار),Al Dammam,المنطقة الشرقية,الدمام,3.3,197,"Al Dammam, شارع الملك سعود بن عبدالعزيز، Al Jalwih Dist, Al Dammam 32246, Saudi Arabia",26.441156,50.07042,ChIJVRSmtxz9ST4RQwPEj-v8pdk
Toyota,Abdul Latif Jameel Motors – Toyota|عبد اللطيف جميل للسيارات - تويوتا,سيهات‎,المنطقة الشرقية,القطيف,3.7,303,"Amam Ali St ,Safwa, الصفاء، سيهات‎ 32833, Saudi Arabia",26.639838,49.963924,ChIJTR3RBmr-ST4RYhplnHqe-Ik
Toyota,Toyota Maintenance Reception Center,Al Khobar,Eastern Province,Al Khobar,3.8,495,"854G+XRM, Olaya, Al Khobar 34447, Saudi Arabia",26.30746,50.177058,ChIJgXnqvi7mST4R4vSgmooqiXE
Toyota,Abdul Latif Jameel Motors – Toyota|عبد اللطيف جميل للسيارات - تويوتا,Al Jubayl,Eastern Province,Jubail,3.5,1642,"Dist, Abu Ali Rd, Al-Waha, Al Jubayl 35514, Saudi Arabia",27.014013,49.639272,ChIJWWUCpZqgNT4RN0JU7f8HnWM
Toyota,Abdul Latif Jameel Motors – Toyota|عبد اللطيف جميل للسيارات - تويوتا,Al Hofuf,Eastern Province,Al Ahsa,3.6,878,"Riyadh Rd, Al Salmaniyah North, Al Hofuf 36421, Saudi Arabia",25.361511,49.55185,ChIJQ-K8MTmXNz4RqzvUEihToR8
Toyota,Abdul Latif Jameel Motors – Toyota|عبد اللطيف جميل للسيارات - تويوتا,الرياض,منطقة الرياض,امارة منطقة الرياض,3.4,3096,"Intersection of Olaya Street with Imam Muhammad bin Saud Street, شارع العليا، المروج، الرياض 12263, Saudi Arabia",24.746523,46.657117,ChIJoRkAvKTiLj4RxeDlRgHrKSY
Toyota,Abdul Latif Jameel Motors – Toyota|عبد اللطيف جميل للسيارات - تويوتا,Riyadh,Riyadh Province,Riyadh Principality,3.4,4005,"Khurais Road, AL Naseem, Riyadh 14232, Saudi Arabia",24.748476,46.818108,ChIJR_Ots5oALz4Rrkk30ZJzDOY
Toyota,Abdul Latif Jameel Motors – Toyota|عبد اللطيف جميل للسيارات - تويوتا,الرياض,منطقة الرياض,امارة منطقة الرياض,3.6,3687,"Riyadh,Al Rabwah, Dist, Rd, الرياض 12813, Saudi Arabia",24.69972,46.739777,ChIJtav5wfoDLz4R2LUqb3Yy4Gw
Toyota,Abdul Latif Jameel Motors – Toyota|عبد اللطيف جميل للسيارات - تويوتا,Riyadh,Riyadh Province,Riyadh Principality,3.3,449,"Said Ibn Zayd Rd, Qurtubah, Riyadh 13248, Saudi Arabia",24.822404,46.729476,ChIJ21GzPxX8Lj4RsZwei-bwbyQ
Toyota,Abdul Latif Jameel Motors – Toyota|عبد اللطيف جميل للسيارات - تويوتا,Riyadh,Riyadh Province,Riyadh Principality,3.6,423,"Eastern Ring Rd, Ar Rawabi, Riyadh 14215, Saudi Arabia",24.684548,46.777513,ChIJ45_NgiQELz4RyQDOFTFLqs8
Toyota,Abdul Latif Jameel Motors – Toyota|عبد اللطيف جميل للسيارات - تويوتا,Riyadh,Riyadh Province,Riyadh Principality,3.3,3558,"Shobra Distract, Exit25, Aisha Street, Shubra, Riyadh 12988, Saudi Arabia",24.570664,46.665473,ChIJp4dbyBgQLz4R7BL8Q5ujo7c
Toyota,"Abdul Latif Jameel, Toyota Service Center",Riyadh,Riyadh Province,Riyadh Principality,3.7,902,"PMW4+HV5, Al Imam Saud Ibn Abdul Aziz Branch Rd, Al Muruj, Riyadh 12263, Saudi Arabia",24.7463843,46.6572193,ChIJFWlqhaTiLj4RFvSztmlCuYU
Toyota,Abdul Latif Jameel Motors – Toyota (Service) | عبد اللطيف جميل للسيارات – تويوتا (الصيانة),الرياض,منطقة الرياض,امارة منطقة الرياض,3.7,1209,"Intersection of Olaya Street with Imam Muhammad bin Saud Street, شارع العليا، المروج، الرياض 12263, Saudi Arabia",24.746147,46.656711,ChIJt3eUj6TiLj4R1NxHjyACAdA
Toyota,Toyota Khurais Maintenance Department,Riyadh,Riyadh Province,Riyadh Principality,3.8,1278,"PP2R+468, Makkah Al Mukarramah Rd, الفرعي، الربوة،، Riyadh 12411, Saudi Arabia",24.7002901,46.7405659,ChIJawUX5PoDLz4RgMyPHiomBYQ
Toyota,Abdul Latif Jameel Motors – Toyota (Service) | عبد اللطيف جميل للسيارات – تويوتا (الصيانة),الرياض,منطقة الرياض,امارة منطقة الرياض,3.1,26,"Riyadh,Shobra Distract, Exit25, Aisha Street, شبرا، الرياض 12988, Saudi Arabia",24.57098,46.665327,ChIJRxrdqPIRLz4RwPa98k6nQR0
Toyota,عبداللطيف جميل للصيانة حي الفيصلية,Riyadh,Riyadh Province,Riyadh Principality,3.3,38,"3634 نخله الشاميه، الفيصلية، الرياض 12892، 8712, Al Faisaliyyah, Riyadh 8712, Saudi Arabia",24.6505566,46.7904684,ChIJTbSbz9UHLz4RwMhJ6zqO-2I
Toyota,قطع غيار تويوتا عبداللطيف,Riyadh,Riyadh Province,Riyadh Principality,3.3,251,"8323 Makkah Al Mukarramah Br Rd, 8323, Ar Rabwah, 3663، Riyadh 12813, Saudi Arabia",24.6998563,46.740005,ChIJrR3iCAcDLz4RqO9sZIAZTuM
Toyota,قطع غيار عبداللطيف جميل,Riyadh,Riyadh Province,Riyadh Principality,2.8,190,"PRX9+G93, An Nasim Al Gharbi, Riyadh 14232, Saudi Arabia",24.7487733,46.8184241,ChIJc6O724QALz4RZxOkHBQofvk
Toyota,Abdul Latif Jameel Motors – Toyota (Service) | عبد اللطيف جميل للسيارات – تويوتا (الصيانة),Jeddah,Makkah Province,Jeddah,3.9,71,"Alfisalyah, Madinah road, Al Faisaliyyah, Jeddah 23441, Saudi Arabia",21.560624,39.173068,ChIJuViAnkvRwxUR_iWJWIOfc5Q
Toyota,Toyota,Jeddah,Makkah Province,Jeddah,4,71,"J537+53F, Al Bawadi, Jeddah 23531, Saudi Arabia",21.6029354,39.1626763,ChIJXRQCXJjQwxURAtm5mUQMROc
Toyota,Toyota showroom,Jeddah,Makkah Province,Jeddah,3.3,58,"حي الحمدانية،، 6766, Al Hamadaniyah District, Jeddah 23761, Saudi Arabia",21.7551467,39.1855921,ChIJVwWcgvJ8wRURhk3u34Lo1i8
Toyota,Abdul Latif Jameel Toyota Service Center,Jeddah,Makkah Province,Jeddah,3.8,336,"Safinah Square، Prince Sultan St.، As Salamah, Jeddah 23525, Saudi Arabia",21.6016581,39.1437253,ChIJj_QY12_awxURPKpN-xBJltU
Toyota,Abdul Latif Jameel Motors – Toyota|عبد اللطيف جميل للسيارات - تويوتا,جدة,مكة المكرمة,جدة,3.6,498,"Jeddah,Al Safa Dist.,Prince Majed, bin Abdulaziz Road, AL Sabeen, جدة 23451, Saudi Arabia",21.576971,39.199782,ChIJVWqjGAHRwxURrvyojCuhwpI
Toyota,Abdul Latif Jameel Motors – Toyota|عبد اللطيف جميل للسيارات - تويوتا,جدة,مكة المكرمة,جدة,3.6,561,"Jeddah,Al Rehab Dist, Road - Tahlia, شارع الأمير محمد بن عبدالعزيز، الرحاب، جدة 23345, Saudi Arabia",21.564621,39.21703,ChIJ8_iRVp_RwxURQiD4jv5Vv6M
Toyota,Toyota Maintenance,Jeddah,Makkah Province,Jeddah,3.8,1679,"6551 محمد مجدالدين, حي الفيصلية, Jeddah 23441, Saudi Arabia",21.5610282,39.173384,ChIJJ-KoJhXQwxURHd0gIWN4si8
Toyota,Abdul Latif Jameel Motors – Toyota|عبد اللطيف جميل للسيارات - تويوتا,Jeddah,Makkah Province,Jeddah,3.7,1427,"Prince Sultan Rd, As Salamah, Jeddah 23525, Saudi Arabia",21.601794,39.144345,ChIJ6zjgKnDawxURjOBtwAeTvs0
Toyota,Abdul Latif Jameel Motors – Toyota|عبد اللطيف جميل للسيارات - تويوتا,جدة,مكة المكرمة,جدة,3.6,19,"Jeddah, Alfisalyah, Madinah, road, جدة 23441, Saudi Arabia",21.561062,39.172958,ChIJFQ1FS_XRwxURVF5OZb_L85Q
Toyota,Abdul Latif Jameel Motors – Toyota|عبد اللطيف جميل للسيارات - تويوتا,مكة المكرمة,مكة المكرمة,امارة منطقة مكة المكرمة,3.7,4076,"Al Kakkia, Crown Prince neighborhood, طريق الليث، ولي العهد، مكة المكرمة 24353, Saudi Arabia",21.367658,39.799636,ChIJO4Gz7qAawhURdDOQ_2F-MZ8
Toyota,Abdul Latif Jameel Motors – Toyota,Makkah,Makkah Province,Makkah Principality,3.8,638,"Makkah,Alnawareya,Madina، Road، Makkah 24414, Saudi Arabia",21.543374,39.779167,ChIJ1ydVxOMCwhURWhtOnm01iV4
Toyota,Abdul Latif Jameel Motors – Toyota|عبد اللطيف جميل للسيارات - تويوتا,At Taif,Makkah Province,Al Taif,3.4,1895,"7C72+WMF, Wadi Waj Rd, Al Salamah, At Taif 26511, Saudi Arabia",21.26354,40.401942,ChIJGWH3CLCO6RURNFAG62Qn_5M
Toyota,Toyota,Abha,Aseer Province,Asir Principality,3.4,1471,"3739 King Fahd Rd, 8781, Abha 62527, Saudi Arabia",18.2285671,42.5463142,ChIJp5ZqHdJU4xURZ-5ZqBzC5Sc
Toyota,Alyahya,Khamis Mushait,Aseer Province,Khamis Mushait,3.3,749,"7MRH+8HP, شارع المعارض, Hijlah, Khamis Mushait 62411, Saudi Arabia",18.2908435,42.6789417,ChIJhw3WTBdX-xURGQY6Y-0xVDU
Toyota,Toyota,Jizan,Jazan Province,Jazan Principality,3.7,415,"2549، King Abdul Aziz Rd, Al Safa, Jizan 82721, Saudi Arabia",16.888636,42.5622661,ChIJBX2Yp5fiBxYRoy1qa3XKc3c
Toyota,Salem Babgi Company شركة سالم بابقي التجارية,Jizan,Jazan Province,Jazan Principality,3.7,985,"King Abdul Aziz Rd, Al Safa, Jizan 82721, Saudi Arabia",16.8891542,42.5629817,ChIJP9nrd5fiBxYRFosQ4V_rGSY
Toyota,Abdul Latif Jameel Motors – Toyota|عبد اللطيف جميل للسيارات - تويوتا,Unayzah,Al Qassim Province,Unayzah,3.6,1009,"King Abdulaziz Road, Al-Roghani, Unayzah 56217, Saudi Arabia",26.121607,43.984168,ChIJ2wkYmffugRURMMtbFjcqvro
Toyota,Abdul Latif Jameel Motors – Toyota|عبد اللطيف جميل للسيارات - تويوتا,Buraydah,Al Qassim Province,Buraydah Principality,3.2,1241,"Dist, King Abdulaziz Rd, Sultanah, Buraydah 52377, Saudi Arabia",26.378347,43.907892,ChIJAQAAAGRXfxURg4664AdFDN0
Toyota,Abdul Latif Jameel Motors – Toyota (Service) | عبد اللطيف جميل للسيارات – تويوتا (الصيانة),Buraydah,Al Qassim Province,Buraydah Principality,3.6,98,"Dist, King Abdulaziz Rd, Sultanah, Buraydah 52377, Saudi Arabia",26.37817,43.908066,ChIJqxBGrmFXfxUREbqcIqOpF1k
Toyota,Alzugdi Co. - Toyota شركة تويوتا عبدالله الزقدى,Hail,Hail Province,Hail Principality,3.3,790,"400, Alkhamashiyyah, Hail 55423, Saudi Arabia",27.4767012,41.7323738,ChIJvbdovI9HdhURqP1LdQvF7MI
Toyota,Alzugdi Quick Service Center,Hail,Hail Province,Hail Principality,3.6,105,"2802, Alkhamashiyyah, Hail 55423, Saudi Arabia",27.4756456,41.7319419,ChIJDaUXc49HdhUREUCsidka4L8
Toyota,Abdul Latif Jameel Motors Toyota,تبوك,منطقة تبوك,امارة منطقة تبوك,3.5,1281,"King Khalid Rd, طريق الملك خالد، Al Aziziyyah al qadimah, Near Tabuk Electricity, تبوك 47912, Saudi Arabia",28.396131,36.559697,ChIJ2xQ_8qWtqRURvf_87KgO5gc
Toyota,Abdul Latif Jameel Motors – Toyota (Service) | عبد اللطيف جميل للسيارات – تويوتا (الصيانة),تبوك,منطقة تبوك,امارة منطقة تبوك,3.5,42,"Tabuk,Al Faisaleyah, طريق الملك خالد، Street, تبوك 47912, Saudi Arabia",28.396163,36.55976,ChIJq4plYyOtqRURrPlqascBsR8
Toyota,Abdul Latif Jameel Motors – Toyota|عبد اللطيف جميل للسيارات - تويوتا,Al Baten,المنطقة الشرقية,حفر الباطن,3.5,175,"Hafer Al Baten, Al Baladia, King Khaled Street, Hafer, Al Baten 39922, Saudi Arabia",28.441793,46.00563,ChIJzasgMhNH1z8RrjBhGn31_TM
Toyota,Toyota Agency Abdul Latif Jameel,Hafar Al Batin,Eastern Province,Hafar Al-Batin,3.5,335,"C2R4+M4M, King Khalid Rd, Fulaij, Hafar Al Batin 39922, Saudi Arabia",28.4417247,46.0052986,ChIJ_xf3NBNH1z8RwfDIolP-wRc
Toyota,تويوتا ولكزس - حسن جميل للسيارات|Toyota & Lexus - Hassan Jameel Motors,Al Khobar,Eastern Province,Al Khobar,3.3,39,"Dist, King Khalid Rd, Al Thawn, Al Khobar 34632, Saudi Arabia",26.2243466,50.1949868,ChIJk7tbPibDST4R2LyYvXwQt1s
Toyota,Abdul Latif Jameel Motors – Toyota|عبد اللطيف جميل للسيارات - تويوتا,الهفوف‎,المنطقة الشرقية,الاحساء,3.5,1272,"Alhassa,Almiterfi, Ro, طريق الظهران، الشقيق، الهفوف‎ 36322, Saudi Arabia",25.486929,49.550674,ChIJ7adVqZW8Nz4RUYxhfIlCvEU
Toyota,Abdul Latif Jameel Motors – Toyota (Spare parts) | عبد اللطيف جميل للسيارات – تويوتا (قطع الغيار),Al Hofuf,Eastern Province,Al Ahsa,4.6,10,"Riyadh Rd, Al Salmaniyah North, Al Hofuf 36421, Saudi Arabia",25.361284,49.551851,ChIJr0XMwnKXNz4RSZnMdiOlHoY
Toyota,تويوتا - شركة دغمل للتجارة المحدودة (دحضة),Najran,Najran Province,Najran Principality,3.6,514,"4179 King Abdulaziz Rd, Dahdah, Najran 66273, Saudi Arabia",17.5137557,44.1760711,ChIJx7eDI_fp_hURkw47sPZvcOA
Toyota,تويوتا - شركة دغمل للتجارة المحدودة (طريق الملك عبدالله),Najran,Najran Province,Najran Principality,4,173,"4550 King Abdullah Rd, street، Najran 66261, Saudi Arabia",17.5444643,44.2549095,ChIJjVvE6bbd_hURq-IMKoY_yms
Lexus,مركز صيانة وسمكرة لكزس | Lexus Maintenance and Body center,Al Khobar,Eastern Province,Al Khobar,3.6,685,"King Khalid Rd, Al Thawn, Al Khobar 34632, Saudi Arabia",26.2246334,50.1946591,ChIJDfwW94MCNj4RDcYzgcSoYM4
Lexus,Lexus,Al Khobar,Eastern Province,Dammam Principality,4,688,"King Faisal Ibn Abd Al Aziz, Al Sadafah, Al Khobar 34216, Saudi Arabia",26.3726129,50.2009432,ChIJ0WerCmvvST4RTEwR3D9NcGM
Lexus,Lexus,Riyadh,Riyadh Province,Riyadh Principality,4.1,2443,"Nortern Ring Br Rd, Al Wadi, Riyadh 13313, Saudi Arabia",24.780362,46.6909594,ChIJTRR0OBj9Lj4R0H4Ofo5obWk
Lexus,Lexus Center,Riyadh,Riyadh Province,Riyadh Principality,4.2,497,"Khalid Ibn Al Walid St, Al Hamra, Riyadh 11564, Saudi Arabia",24.771133,46.7559594,ChIJ9Zv84fwBLz4RVe3XYo6s3hw
Lexus,Lexus Center,Riyadh,Riyadh Province,Riyadh Principality,3.6,413,"طريق مكة المكرمة، الملك عبدالله،، الفرعي،، Riyadh 12813, Saudi Arabia",24.69987,46.7398484,ChIJ5Sd_xvoDLz4RKkAX9X-kkJI
Lexus,Lexus Service Center,Riyadh,Riyadh Province,Riyadh Principality,4.2,738,"QMJR+89F, Al Wadi, Riyadh 13313, Saudi Arabia",24.7808191,46.690934,ChIJxWchYRj9Lj4RVy5CWQKx-fQ
Lexus,Lexus Maintenance,Dammam,Eastern Province,Dammam Principality,4.1,431,"طريق الملك فيصل King Faisal Ibn Abd Al Aziz, 2374, Al Sadafah, Dammam 34216, Saudi Arabia",26.372946,50.2024339,ChIJP_JPamvvST4RwNNkOPaNJg0
Lexus,Lexus,Jeddah,Makkah Province,Jeddah,4.2,1713,"Al-Madinah Al-Munawarah Rd, Al Aziziyah District، Jeddah 23333, Saudi Arabia",21.5428996,39.1771408,ChIJfdHvTiDQwxURAaU2SCioJTs
Lexus,Lexus - Abdul Latif Jameel Company,Jeddah,Makkah Province,Jeddah,4.3,399,"3736، 6726 سنان بن ابي سنان، حي المحمدية، Jeddah 23617, Saudi Arabia",21.6494807,39.1136511,ChIJWYSobp3ZwxURaaY_XZVuFtI
Lexus,Lexus,Makkah,Makkah Province,Makkah Principality,4,157,"9Q8X+XRW, Walyal Ahd Dist., Makkah 24353, Saudi Arabia",21.3674801,39.799591,ChIJDxdb7KAawhURplD4Mnl9i4s
Lexus,LEXUS Service Center,Jeddah,Makkah Province,Jeddah,4.4,508,"3179 Al Amal, An Naim District, Jeddah، Al Naeem, Jeddah 23526, Saudi Arabia",21.62677,39.149808,ChIJk7an7QHawxUR6vuwVP0iWVU
Lexus,LEXUS Service Center,Jeddah,Makkah Province,Jeddah,4.3,276,"G5RH+W4Q, Aziziyah, Jeddah 23333, Saudi Arabia",21.5423299,39.1778684,ChIJbypeh8bRwxURbsyFWrBdwKw
Lexus,Lexus Maintenance & Parts,Jeddah,Makkah Province,Jeddah,4.1,38,"9601 Rafi Abu Al Bahi, حي النعيم, Jeddah 23526, Saudi Arabia",21.6264931,39.1494842,ChIJ3z6KiwHawxUR2LK6DftMAao
Kia,Aljabr Kia branch showroom,Dammam,Eastern Province,Dammam Principality,3.8,655,"King Saud St, Badr, Dammam 32266, Saudi Arabia",26.4190806,50.0212702,ChIJp8YU-Ij9ST4Rad1k8r-3bag
Kia,Kia Aljabr Showroom,Dammam,Eastern Province,Dammam Principality,3.8,1301,"Al Khalidiyyah Al Janubiyyah, Dammam 32225, Saudi Arabia",26.3877998,50.1598125,ChIJX7OkphPlST4R23EF-dkBP1s
Kia,Kia Aljabr Showroom - معرض كيا الجبر,Dammam,Eastern Province,Dammam Principality,3.7,62,"King Saud St, Al Amamrah, Dammam 32241, Saudi Arabia",26.4436452,50.1143884,ChIJcURT7HMCNj4RHR1lCrnseqM
Kia,مركز قطع الغيار كيا الجبر - Kia AlJabr Spare Parts Center,Dammam,Eastern Province,Dammam Principality,3.4,293,"King Saud St, Al Muhammadiyah, Dammam 32432, Saudi Arabia",26.4411091,50.0630402,ChIJ6-u0kBb9ST4RsL7XGjyEb8o
Kia,مركز صيانة كيا الجبر - Kia Aljabr Service Center,Dammam,Eastern Province,Dammam Principality,3.9,32,"Badr، 91، Dammam 32266, Saudi Arabia",26.4190837,50.0215355,ChIJxWWRlZD9ST4RC4o8-953ef8
Kia,KIA MOTORS ALJABR,Al Khobar,Eastern Province,Al Khobar,3.6,208,"75MW+VVP Al-Jazeera Building, Custodian of The Two Holy Mosques Rd, Al Aqrabiyah, Al Khobar 34446, Saudi Arabia",26.28483,50.1968879,ChIJoepOki3pST4RGgmkJl-8rOk
Kia,مركز صيانة كيا الجبر - Kia Aljabr Service Center,Dammam,Eastern Province,Dammam Principality,3.4,642,"King Fahd Road, Al Khalidiyyah Al Janubiyyah, Dammam 32225, Saudi Arabia",26.3904417,50.160901,ChIJA3DukBTlST4Rqcjd7QqrP-c
Kia,مركز قطع الغيار كيا الجبر - Kia AlJabr Spare Parts Center,Al Khobar,Eastern Province,Al Khobar,3.6,121,"Makkah Al Mukarramah, Al-Thuqbah, Al Khobar 34625, Saudi Arabia",26.266666,50.1979185,ChIJj6pKJqfCST4RizKCgG7TvNA
Kia,Kia Aljabr Showroom - معرض كيا الجبر,Al Qatif,Eastern Province,Al-Qatif,3.8,367,"Al Quds St, Warehouse Area, Al Qatif 32632, Saudi Arabia",26.5411159,50.0225476,ChIJ7UmXwgsASj4Rufxq__uYiWM
Kia,مركز صيانة كيا الجبر - Kia Aljabr Service Center,Dammam,Eastern Province,Dammam Principality,3.5,916,"Oqbah Ibn Nafe'a St, Al Amamrah, Dammam 32415, Saudi Arabia",26.4434449,50.1145491,ChIJ9VbChZv7ST4RMR6-psKUBI4
Kia,Kia Motors Service Mena,Dammam,Eastern Province,Dammam Principality,3.2,29,"3421 Salman Al Farisi St, King Abdul Aziz Seaport, Dammam 32213, Saudi Arabia",26.4188011,50.1758826,ChIJ_wCz1Kz6ST4Rna9GC8vIPfE
Kia,Kia AlJabr Spare Parts Center,Dammam,Eastern Province,Dammam Principality,3.9,57,"King Fahd Road, Al Khalidiyyah Al Janubiyyah, Dammam 32225, Saudi Arabia",26.3886203,50.1602668,ChIJI6qqdhPlST4R3yanJePwalw
Kia,KIA Aljabr Showroom,Riyadh,Riyadh Province,Riyadh Principality,3.4,684,"Northern Ring Rd, Al Muruj, Riyadh 12284, Saudi Arabia",24.7676764,46.6646505,ChIJQagKac7iLj4RBG4mdkYAZFc
Kia,KIA Aljabr Show Room,Riyadh,Riyadh Province,Riyadh Principality,3.6,1638,"Khurais Rd, Exit 30, Next to Othaim Hyper Market، An Nasim Ash Sharqi, Riyadh 14241, Saudi Arabia",24.7520031,46.82348,ChIJf2Ny94IALz4R_eQIpbKz5vo
Kia,Kia Aljabr Showroom - معرض كيا الجبر,الرياض,منطقة الرياض,امارة منطقة الرياض,3.6,44,"7071, 3672 طريق الثمامة، الربيع، الرياض 13315, Saudi Arabia",24.7870748,46.647139,ChIJ10zOTU3jLj4RoCBLxnS1Ssc
Kia,مركز صيانة كيا الجبر - Kia Aljabr Service Center,Riyadh,Riyadh Province,Riyadh Principality,3,341,"2319 Kharis Branch Rd, An Nasim Ash Sharqi, Riyadh 14241, Saudi Arabia",24.7515566,46.8236766,ChIJQxhG7oIALz4RbbohXCyV_ts
Kia,مركز قطع الغيار كيا الجبر - Kia AlJabr Spare Parts Center,Riyadh,Riyadh Province,Riyadh Principality,3.1,117,"Umm Al Hamam St, Umm Al Hamam Al Gharbi, Riyadh 12326, Saudi Arabia",24.6997344,46.6524461,ChIJS9s2UCAdLz4Rvsp4CiajseI
Kia,مركز قطع الغيار كيا الجبر - Kia AlJabr Spare Parts Center,Riyadh,Riyadh Province,Riyadh Principality,2.6,797,"2319 Kharis Branch Rd, An Nasim Ash Sharqi, Riyadh 14241, Saudi Arabia",24.75159,46.8236516,ChIJ88gp64IALz4R-kiFcmheGsI
Kia,مركز قطع الغيار كيا الجبر - Kia AlJabr Spare Parts Center,Riyadh,Riyadh Province,Riyadh Principality,3.2,333,"شارع النعيرية ، حي الصناعية، Al Sina'iyah, Riyadh 12871, Saudi Arabia",24.6348183,46.743105,ChIJtfCUrOAFLz4Rgl4beXKVkBw
Kia,Kia AlJabr Spare Parts Center,الرياض,منطقة الرياض,امارة منطقة الرياض,3.8,22,"RRNA6863، 6863 أحمد بن محمد السبتي، 3134، حي, القيروان، الرياض 13542, Saudi Arabia",24.8548829,46.5773128,ChIJd7nkcqvnLj4RvXhaoFwY3bc
Kia,NMC Kia - Service and Parts Center الشركة الأهلية للتسويق - مركز الصيانة وقطع الغيار,أبها,منطقة عسير,خميس مشيط,4.6,566,"62454, Al Tahliyah, Khamis Mushait, التحلية، أبها 62454, Saudi Arabia",18.2960545,42.6832995,ChIJZQCNPG5X-xURkP8Az2XPPUw
Geely,Wallan Geely,Al Khobar,Eastern Province,Al Khobar,3.6,517,"954R+85 Al Khobar 6915 King Fahd Road, Al Rakah Al Janubiyah, Al Khobar Al Khobar - Dammam, Al Rakah Al Janubiyah, Al Khobar 34226, Saudi Arabia",26.3556591,50.1900452,ChIJlwT-VY_vST4RPmvEyS3LSGw
Geely,إصلاح الهياكل جيلي الوعلان,Al Khobar,Eastern Province,Al Khobar,2.9,427,"954R+85, King Fahd Road, Al Rakah Al Janubiyah, Al Khobar 34226, Saudi Arabia",26.3558125,50.1904375,ChIJHyb01qnvST4RrCR3em4OCsA
Geely,Wallan Geely Trading Company,Riyadh,Riyadh Province,Riyadh Principality,3.4,1798,"PQCC+HG, 6777 Khurais Br Rd, Ar Rawdah, 3638, Riyadh 13211, Saudi Arabia",24.7214458,46.7712883,ChIJafJNV6IBLz4R_7BH9twIKsk
Geely,جيلي الوعلان الخدمة السريعة,Riyadh,Riyadh Province,Riyadh Principality,4.4,91,"RHYA7618, 2171 Al Adim, 7618، Riyadh 12467, Saudi Arabia",24.7681213,46.6700897,ChIJkSsDQ9njLj4Rd7HkkB_ZDAE
Geely,مركز صيانة جيلي الوعلان,Riyadh,Riyadh Province,Riyadh Principality,3.4,92,"4300، 7542 العطافة، Al Faisaliyyah, Riyadh 12896, Saudi Arabia",24.6400362,46.7970321,ChIJR66SgnYHLz4R00dwgYRP1GE
Geely,جيلي الوعلان الخدمة السريعة,Riyadh,Riyadh Province,Riyadh Principality,3.7,349,"HPH2+F4, Namar, Riyadh 14961, Saudi Arabia",24.578706,46.700199,ChIJ-4i4O6MPLz4RuaruWy8tqpk
Geely,Wallan Geely Service,Khamis Mushait,Aseer Province,Khamis Mushait,3.5,128,"9PP6+HC, King Saud Rd, Khamis Mushait 62486, Saudi Arabia",18.3864721,42.7111484,ChIJx6bAbC1F-xURiG7ziThDVGk
Geely,Geely Wallan Showroom,At Taif,Makkah Province,Al Taif,3.5,79,"7F56+X5, 7531 King Khalid Rd, Alnaseem, At Taif 26518, Saudi Arabia",21.2594266,40.460335,ChIJj8pqWQKJ6RURB57gLY8HrBs
Geely,Geely quick service,Jeddah,Makkah Province,Jeddah,4.4,108,"3051 - حي - 9082، Al-Manar, Jeddah 23463, Saudi Arabia",21.6105326,39.2312242,ChIJ-TByk0bXwxUR9j3OUvx_iZA
Geely,Geely Al Waalan Quick Services Center,جدة,مكة المكرمة,جدة,3.9,147,"الشرفية،، جدة 23216, Saudi Arabia",21.5149931,39.1820731,ChIJsygiRpXPwxUR05aiiu5Sy7g
Ford,Al Jazirah Vehicles شركة توكيلات الجزيرة للسيارات‎,Dhahran,Eastern Province,Dammam Principality,3.8,1896,"8924 King Fahd Road, Al Qashlah, Dhahran 34232, Saudi Arabia",26.3742223,50.1736127,ChIJk7J4q4TlST4Rmx-Eq9sDYdo
Ford,Al Jazirah Vehicles Service Center,Dhahran,Eastern Province,Dammam Principality,3.5,482,"Al Qashlah, Dhahran 34232, Saudi Arabia",26.3732689,50.1732493,ChIJYcFHs4TlST4RrcAaHM7QYHY
Ford,Al Jazirah Vehicles Spare Parts توكيلات الجزيرة قطع الغيار,Dhahran,Eastern Province,Dammam Principality,3.8,129,"4204 King Fahd Road, Al Qashlah, Dhahran 34232, Saudi Arabia",26.3736741,50.172448,ChIJFSqwv4TlST4RBZ7LA16FbqI
Ford,Aljazirah Ford Quick Parts,الدمام,المنطقة الشرقية,الدمام,3.7,221,"6544, الخضرية، الدمام 32435, Saudi Arabia",26.4425065,50.0508028,ChIJB_JpR8_9ST4RNnoyU7iWvRQ
Ford,Al Jazirah Vehicles شركة توكيلات الجزيرة للسيارات‎,Al Hofuf,Eastern Province,Al Ahsa,3.9,297,"Al Khalij Rd, Al Mazrooa, Al Hofuf 36362, Saudi Arabia",25.3445771,49.6134013,ChIJL_nVqxmTNz4RgDh2fQn60ig
Ford,Al Jazirah Vehicles Service Center,Hasa Industrial City,Eastern Province,Al Ahsa,3.6,412,"CF48+HMC, Hasa Industrial City 36456, Saudi Arabia",25.4064491,49.4666438,ChIJ-RJhNg2iNz4Rs2DYYMq3_Q4
Ford,Al Jazirah Vehicles Service Center مركز صيانة توكيلات الجزيرة,Al Hofuf,Eastern Province,Al Ahsa,3.4,67,"7696، المزروع، الهفوف والمبرز 36362 5295،، Al Mazrooa, Al Hofuf 36362, Saudi Arabia",25.3451541,49.6124681,ChIJ8aB_7gCTNz4REipIj5RIzJs
Ford,Al Jazirah Vehicles Service Center مركز صيانة توكيلات الجزيرة‎‎,Riyadh,Riyadh Province,Riyadh Principality,3.8,244,"7918 King Abdul Aziz Branch Rd, King Fahd, 4134, Riyadh 12274, Saudi Arabia",24.7463913,46.6797393,ChIJgz7okgL9Lj4RPnvqESmpboc
Ford,Al Jazirah Used Vehicles شركة توكيلات الجزيرة للسيارات المستعملة,Riyadh,Riyadh Province,Riyadh Principality,3.8,3152,"Khurais Br Rd, خي، Riyadh 13212, Saudi Arabia",24.7327291,46.790232,ChIJ15Fu5x0BLz4RenpxhFEjqzM
Ford,Al-Jazirah Vehicles Spare Parts,الرياض,منطقة الرياض,امارة منطقة الرياض,3.3,741,"6215Khalid Bin Al Waleed St, Opposite, مكتب العمل التأشيرات, الروضة، الرياض 13212, Saudi Arabia",24.7315765,46.7855992,ChIJqSv24x0BLz4R0pekCUkyD_4
Ford,Al Jazirah Vehicles Service Center مركز صيانة توكيلات الجزيرة,Riyadh,Riyadh Province,Riyadh Principality,3.8,799,"Radwa, Qurtubah, Riyadh 13244, Saudi Arabia",24.804151,46.7376104,ChIJ0w-wW839Lj4R6Zl5t8RDeho
Ford,Al Jazirah Vehicles Service Center مركز صيانة توكيلات الجزيرة,Riyadh,Riyadh Province,Riyadh Principality,3.7,613,"Al Madina Al Munawwarah Rd, As Suwaidi Al Gharabi, Riyadh 12978, Saudi Arabia",24.5808598,46.6125073,ChIJmWYXgTgbLz4R7ZjpLqeTV6Q
Ford,Al Jazirah Vehicles Service Center مركز صيانة توكيلات الجزيرة,Riyadh,Riyadh Province,Riyadh Principality,3.5,732,"Near Geant Shopping Centre، Khurais Rd, Al Andalus, Riyadh 13212, Saudi Arabia",24.7333147,46.7894234,ChIJc3B_MvQBLz4RUq0ZR-_ijMY
Ford,Quick Parts Al Jazirah Ford قطع غيار توكيلات الجزيرة‎‎,Riyadh,Riyadh Province,Riyadh Principality,3.3,412,"2649 طريق العروبة، المعذر الشمالي، الرياض 12334 8077، Al Mathar Ash Shamali, Riyadh 11252, Saudi Arabia",24.7067368,46.6605509,ChIJJ7Os8iUdLz4RDyZEaW_ehV8
Ford,Al Jazirah Vehicles Service Center,Riyadh,Riyadh Province,Riyadh Principality,3,63,"6215 Khalid Ibn Al Walid St, 3215, Al Andalus, Riyadh 13212, Saudi Arabia",24.7315996,46.7854996,ChIJPXgcHksBLz4RjDejPzwUIUs
Ford,Quick Parts Al Jazirah Ford‎,Riyadh,Riyadh Province,Riyadh Principality,3.5,351,"2646 Al Jameyya, Al Sina'iyah, Riyadh 12871, Saudi Arabia",24.637804,46.7429891,ChIJKwyZKtwFLz4ROifMPUZL9xI
Mazda,معرض مازدا,Saihat,Eastern Province,Al-Qatif,3.8,681,"Khaleej Rd, Qurtoba, Saihat 32453, Saudi Arabia",26.5043852,50.0372489,ChIJJ29KGsf_ST4RXXr6pThL0Zo
Mazda,مركز صيانة مازدا - Mazda Service Center,سيهات‎,المنطقة الشرقية,القطيف,4.1,84,"2843, G23P+QVH, 8815 Khaleej Rd, قرطبة، سيهات‎ 32453, Saudi Arabia",26.5044375,50.0371875,ChIJab9tbj3_ST4RTKvfMkUS188
Mazda,Mazda showroom,Al Khobar,Eastern Province,Al Khobar,3.5,1289,"7136، 3441 King Faisal Ibn Abd Al Aziz, Al Rakah Al Janubiyah, Al Khobar 34227, Saudi Arabia",26.3478879,50.2094081,ChIJPcfRG8zoST4RaDueL_xMLVA
Mazda,معرض مازدا - Mazda showroom,Dammam,Eastern Province,Dammam Principality,3.4,610,"9198 King Fahd Road, Al Qashlah, Dammam 34232, Saudi Arabia",26.3750547,50.1725848,ChIJmQDZtZzlST4RzowuFoJaXJk
Mazda,معرض مازدا - Mazda showroom,Al Khobar,Eastern Province,Al Khobar,3.2,188,"2961 King Fahd Road, Al Bustan, 7221, Al Khobar 34422, Saudi Arabia",26.3194017,50.209626,ChIJqwL3ePHoST4RRlfLiym-fmo
Mazda,مركز قطع غيار مازدا - Mazda Parts Outlet,Dammam,Eastern Province,Dammam Principality,3.3,230,"C3R5+4W, King Saud St, Al Athir, Dammam 32248, Saudi Arabia",26.4402454,50.0598192,ChIJG7Ocmqb9ST4Rg3cWdETX6II
Mazda,Mazda & Geely Maintenance Center,Al Khobar,Eastern Province,Al Khobar,2.6,139,"86W5+XVP, Al Rakah Al Janubiyah, Al Khobar 34227, Saudi Arabia",26.3474658,50.2096965,ChIJK06d5FHpST4Rwbgu93pUGpc
Mazda,مركز صيانة مازدا- Mazda Service Center,Al Khobar,Eastern Province,Al Khobar,3.3,624,"86W5+XVC, Al Rakah Al Janubiyah, Al Khobar 34227, Saudi Arabia",26.3474375,50.2096875,ChIJz6CcS13pST4RM_0VqswVNeQ
Mazda,مركز قطع غيار مازدا - Mazda Parts Outlet,Al Khobar,Eastern Province,Al Khobar,3.6,210,"86X5+8V, Al Rakah Al Janubiyah, Al Khobar 34227, Saudi Arabia",26.3483125,50.2096875,ChIJtwYQDIHpST4RRUxiRuh6PXI
GAC,GAC Motor - Aljomaih Automotive | الجميح للسيارات - جي أيه سي موتور,Dammam,Eastern Province,Dammam Principality,3.7,1261,"King Fahd Road, Al Khalidiyyah Al Janubiyyah, Dammam 32226, Saudi Arabia",26.3941984,50.1528335,ChIJd4PRID3lST4Rx-1PHzC29PM
GAC,GAC Motor - Aljomaih Automotive,Riyadh,Riyadh Province,Riyadh Principality,3.7,623,"3417 Makkah Al Mukarramah Br Rd, Ar Rabwah, Riyadh 12813, Saudi Arabia",24.6980086,46.7368276,ChIJAYMCFHYDLz4RkFOF7jUglsw
GAC,GAC Services Center,Riyadh,Riyadh Province,Riyadh Principality,2.7,56,"Ar Rayyan, Riyadh 11781, Saudi Arabia",24.7261875,46.7834375,ChIJ3Yv0TSYBLz4Rz8eOxH3pZro
GAC,GAC Motor - Aljomaih Automotive | الجميح للسيارات - جي أيه سي موتور,Jeddah,Makkah Province,Jeddah,3.9,276,"Al-Madinah Al-Munawarah Rd, Al Faisaliyyah, Jeddah 23442, Saudi Arabia",21.5713832,39.1689811,ChIJmXhU9nvRwxURcdCPiFelvKk
GAC,GAC Motor - Aljomaih Automotive | الجميح للسيارات - جي أيه سي موتور,Jeddah,Makkah Province,Jeddah,3.7,850,"Old Mecca Al Moukarramah Rd, Al-Nazlah Al-Sharqiyah, Jeddah 22335, Saudi Arabia",21.477644,39.2207726,ChIJ-dwNBnDPwxURAVKK0hMDl70
GAC,Aljomaih Automotive - GAC Motor Parts Center | الجميح للسيارات - مركز قطع الغيار جي أيه سي موتور,Jeddah,Makkah Province,Jeddah,1,5,"Old Mecca Al Moukarramah Rd, Al-Nazlah Al-Sharqiyah, Jeddah 22335, Saudi Arabia",21.477992,39.220738,ChIJC35oZnnPwxURPs5WltkYi4s
GAC,Aljomaih Automotive - GAC Motor Quick Service Center | الجميح للسيارات - مركز الصيانة السريعة جي أيه سي موتور,جدة,مكة المكرمة,جدة,3.9,36,"Al Amal St, An Naim district, جدة 23526, Saudi Arabia",21.6269538,39.1501848,ChIJVWJayXrbwxURXI32BWnHG6E
GAC,GAC Motor - Aljomaih Automotive | الجميح للسيارات - جي أيه سي موتور,Khamis Mushait,Aseer Province,Khamis Mushait,3.9,32,"King Fahd Rd, Khamis Mushait 62432, Saudi Arabia",18.288937,42.6788591,ChIJk7tBrZxX-xURoYf_BhjFWQU
GMC & Chevrolet,Chevrolet & GMC - Aljomaih Automotive | الجميح للسيارات - شفروليه و جي أم سي,Dammam,Eastern Province,Dammam Principality,3.9,137,"King Khaled St, Muhammed Ibn Saud, Dammam 32241, Saudi Arabia",26.4384128,50.1165025,ChIJF28ifnT7ST4RI3KePF3lEAI
GMC & Chevrolet,Chevrolet & GMC Service Center - Aljomaih Automotive | الجميح للسيارات - شفروليه وجي أم سي مركز الصيانة,Dammam,Eastern Province,Dammam Principality,3.8,501,"King Fahd Road, Al Khalidiyah Ash Shamaliyah, Dammam 32232, Saudi Arabia",26.4088284,50.1379912,ChIJ10YTNhT7ST4R60qLu3MXzjo
GMC & Chevrolet,Chevrolet & GMC Quick Service - Aljomaih Automotive | الجميح للسيارات - شفروليه وجي أم سي مركز الخدمة السريعة,الخبر,المنطقة الشرقية,الخبر,3.9,16,"Ibn Sina, St, Al Thuqbah, الخبر 34627, Saudi Arabia",26.242452,50.1996962,ChIJTRs3wmjDST4Repnmw5RTcFs
GMC & Chevrolet,Aljomaih Automotive Company Ltd.,الدمام,المنطقة الشرقية,الدمام,4.2,94,"King Khalid Rd (Corporate HO), محمد بن سعود، الدمام 32241, Saudi Arabia",26.438247,50.116439,ChIJ7yi4_HX7ST4RXDippfkeCos
GMC & Chevrolet,Chevrolet & GMC - Aljomaih Automotive | الجميح للسيارات - شفروليه و جي أم سي,Dammam,Eastern Province,Dammam Principality,4,419,"King Fahd Road, Al Khalidiyah Ash Shamaliyah, Dammam 32232, Saudi Arabia",26.408484,50.136074,ChIJey2tgSz7ST4RLYL0iZR8lCk
GMC & Chevrolet,Chevrolet & GMC - Aljomaih Automotive | الجميح للسيارات - شفروليه و جي أم سي,Riyadh,Riyadh Province,Riyadh Principality,3.9,490,"Khurais Rd, Ar Rayyan, Riyadh 14212, Saudi Arabia",24.7266107,46.7824418,ChIJJWCuuoABLz4RU9ktL-OPxOs
GMC & Chevrolet,Chevrolet & GMC Service & Parts Center - Aljomaih Automotive,Riyadh,Riyadh Province,Riyadh Principality,3.2,3013,"Khurais Rd, Ar Rayyan, Riyadh 14211, Saudi Arabia",24.7181886,46.7701178,ChIJp3Cm_T4BLz4RSFEwAToNzvs
GMC & Chevrolet,Chevrolet & GMC - Aljomaih Automotive | الجميح للسيارات - شفروليه و جي أم سي,Jeddah,Makkah Province,Jeddah,3.8,1669,"Al-Madinah Al-Munawarah Rd, Al Faisaliyyah, Jeddah 23442, Saudi Arabia",21.570824,39.169117,ChIJ_YW6Om_QwxURkS9wZxAzrQ8
GMC & Chevrolet,Spare Parts Center - Aljomaih Automotive | الجميح للسيارات - مركز قطع غيار,Jeddah,Makkah Province,Jeddah,3.5,291,"Bani Malek, District, Jeddah 23232, Saudi Arabia",21.5279177,39.215274,ChIJbxplWibOwxURUpRPn7WR_vg
GMC & Chevrolet,Universal Motors Agencies Company Ltd.,HUB TOWNS EAST,المنطقة الشرقية,حفر الباطن,3.6,190,"Hafer Al Batin, King Khalid Road, فليج، HUB TOWNS EAST 39922, Saudi Arabia",28.441056,46.013306,ChIJt4NqCnRH1z8RUI70lmGzlko
Cadillac,Cadillac - Aljomaih Automotive | الجميح للسيارات - كاديلاك,Dammam,Eastern Province,Dammam Principality,4.2,78,"King Fahd Road, Al Rakah Ash Shamaliyah, Dammam 34225, Saudi Arabia",26.3657854,50.1839493,ChIJ3UFc65TvST4RWmnotaCrNT0
Cadillac,Cadillac Showroom,Al Khobar,Eastern Province,Dammam Principality,4.8,4,"7991 King Fahd Road, Al Rakah Ash Shamaliyah, Al Khobar 34225, Saudi Arabia",26.3657095,50.1843925,ChIJtff64G7vST4RXFvJNPu-IEg
Cadillac,Cadillac - Aljomaih Automotive | الجميح للسيارات - كاديلاك,Riyadh,Riyadh Province,Riyadh Principality,3.7,2147,"Khurais Rd, Ar Rayyan, Riyadh 14212, Saudi Arabia",24.7270915,46.7833756,ChIJ7bEt4z4BLz4RHHKMO0Sepww
Cadillac,Cadillac Service Center - Aljomaih Automotive | الجميح للسيارات - كاديلاك مركز الصيانة,Jeddah,Makkah Province,Jeddah,3.1,195,"Al-Madinah Al-Munawarah Rd, Aziziyah, Jeddah 23333, Saudi Arabia",21.547324,39.176582,ChIJ-WUAicPPwxURvpP_xJ7J2sI
Cadillac,Cadillac - Aljomaih Automotive | الجميح للسيارات - كاديلاك,Jeddah,Makkah Province,Jeddah,3.7,49,"Al-Madinah Al-Munawarah Rd, Al Faisaliyyah, Jeddah 23442, Saudi Arabia",21.5713319,39.1689011,ChIJRSKur9HRwxUR1wOuy7fxTP8
Cadillac,Cadillac & GAC Motor - Aljomaih Automotive | الجميح للسيارات - كاديلاك و جي أيه سي موتور,Madinah,Al Madinah Province,Madinah Principality,3.7,336,"King Abdul Aziz Rd, Al Khalidiyyah, Madinah 42317, Saudi Arabia",24.4714083,39.6595843,ChIJuSYLfo6VvRURY0eATPgtqXM
Nissan,Petromin Nissan | نيسان بترومين,Dammam,Eastern Province,Dammam Principality,3.8,1375,"C3FV+QWW, King Fahd Road, Al Badiyah, Dammam 32243, Saudi Arabia",26.4244114,50.0948303,ChIJH1_ZjoT8ST4R5vVVLMg3lIw
Nissan,Petromin Nissan | نيسان بترومين,Al Khobar,Eastern Province,Al Khobar,3.8,737,"8488 Custodian of The Two Holy Mosques Rd, Al Khobar Al Janubiyah, Al Khobar 34621, Saudi Arabia",26.2815884,50.2038509,ChIJOwaZWD3oST4REsLgPoAupT4
Nissan,Petromin Nissan Autocare - Dammam,Dammam,Eastern Province,Dammam Principality,4,43,"C3FW+P2F, Al Badiyah, Dammam 32243, Saudi Arabia",26.4243048,50.09504,ChIJJdCfiFf9ST4R54muGTIuevc
Nissan,Petromin Nissan | نيسان بترومين,Al Mubarraz,Eastern Province,Al Ahsa,3.6,500,"الهفوف, Alhazm Al Junubi, Al Mubarraz 36341, Saudi Arabia",25.4105282,49.5751687,ChIJd_O7FEmWNz4Rh-VX6B0SI2I
Nissan,Petromin Nissan,الرياض,منطقة الرياض,امارة منطقة الرياض,3.9,143,"Khurais Road, الربوة، Exit 13, الرياض 12813, Saudi Arabia",24.7031743,46.7447223,ChIJd9qXVxMDLz4RS4O3KIazMqc
Nissan,Petromin Nissan | نيسان بترومين,Riyadh,Riyadh Province,Riyadh Principality,3.5,993,"8262 Eastern Ring Branch Rd, Al Safa, Riyadh 12853, Saudi Arabia",24.6743726,46.7783904,ChIJBdfp7foGLz4RpHy-bxiv9nQ
Nissan,Petromin Nissan | نيسان بترومين,Riyadh,Riyadh Province,Riyadh Principality,3.6,684,"Al Thoumamah Rd, Ar Rabi, Riyadh 13315, Saudi Arabia",24.7970799,46.6519665,ChIJiWIm6UHjLj4RJTtQW98dqLc
Nissan,Petromin Nissan | نيسان بترومين,Riyadh,Riyadh Province,Riyadh Principality,3.5,1303,"Dist, Dammam Branch Rd, Qurtubah, Riyadh 13244, Saudi Arabia",24.8030357,46.7447624,ChIJ44k1gtb9Lj4RLTfVh0Jx8do
Nissan,Petromin Nissan Bodyshop,Riyadh,Riyadh Province,Riyadh Principality,2.9,235,"Faysaliah district ext, JQMX+429, 18, Al Faisaliyyah, Riyadh 12896, Saudi Arabia",24.6327868,46.7976,ChIJhenio18JLz4RLkVLUKCNyQw
Nissan,Nissan - Petromin,Jeddah,Makkah Province,Jeddah,3.8,529,"Jeddah - Auto Mall, Al Mohammadiyyah, Jeddah 23617, Saudi Arabia",21.6489141,39.1147134,ChIJsdbk93fZwxURHS2jYDFzOdo
Nissan,Petromin Nissan,Jeddah,Makkah Province,Jeddah,3.6,873,"2143 Prince Majid Rd, As Safa District, 7567, Jeddah 23451, Saudi Arabia",21.5763703,39.2000026,ChIJ7yxDD9DRwxURuxkDdkpxlD8
Nissan,Nissan - Petromin,جدة,مكة المكرمة,جدة,3.7,834,"Jeddah - Sabeen, Road, الأندلس، جدة 22425, Saudi Arabia",21.5513512,39.1742835,ChIJX9DwxxfQwxURRuUpfwx9wV8
Nissan,Petromin Nissan | بترومين نيسان,Dammam,Eastern Province,Dammam Principality,4,68,"958P+422, Al Rakah Ash Shamaliyah, Dammam 34225, Saudi Arabia",26.3656173,50.1841704,ChIJn8lfP1rvST4R5r9-967zNN0
Nissan,شركة مناهل العالمية لخدمات الأسطول وكيل نيسان,Dhahran,Eastern Province,Dammam Principality,2.7,11,"959H+G44, Al Qashlah, Dhahran 34232, Saudi Arabia",26.3687709,50.1778273,ChIJCZmybczlST4RrsOhd7-xolE
MG,MG Maintenance workshop,الظهران,المنطقة الشرقية,الدمام,2.1,172,"4119, Saudi Arabia, 7516، القشلة، الظهران 34232, Saudi Arabia",26.3612595,50.1763313,ChIJ4cpoG7TlST4RBjCj8jl49zs
MG,AMG cars Mutter market,Al Khobar,Eastern Province,Dammam Principality,3.5,332,"شارع الراكه، Al Qashlah, Al Khobar 34232, Saudi Arabia",26.3612873,50.1778687,ChIJXyoitWHvST4Rsibmy1X3RF4
MG,MG Motor Service Center,Al Khobar,Eastern Province,Al Khobar,2.7,215,"7915, Sinayiat Al Thuqba, Al Khobar 34626, Saudi Arabia",26.2519218,50.1978953,ChIJkRmQKbnCST4RghDzpuUx2LA
MG,MG Riyadh - Khurais Service Center,Riyadh,Riyadh Province,Riyadh Principality,3.3,494,"Khurais Rd, الفرعي،, Riyadh 14232, Saudi Arabia",24.7460579,46.8146834,ChIJvTG7Ti4BLz4RHKLztrob498
MG,MG MEGASHOP SERVICE,Riyadh,Riyadh Province,Riyadh Principality,2.3,761,"شارع الحداد، Al Faisaliyyah, Riyadh 12894, Saudi Arabia",24.6445695,46.7931539,ChIJ_6zmZ7cHLz4RUv20mSqZjH0
MG,MG quick Service - ام جي الصيانة السريعة,Riyadh,Riyadh Province,Riyadh Principality,4.2,30,"PRR3+P82, An Nahdah, Riyadh 13221, Saudi Arabia",24.7416497,46.8033775,ChIJ0Ui-_F4BLz4RJI9WpZDVRDw
MG,MG motor,Jeddah,Makkah Province,Jeddah,2.6,534,"G6P8+84W, Palestine, Bani Malik, Jeddah 23232, Saudi Arabia",21.5358675,39.2153401,ChIJjw666w7RwxUR6HHGovM8bB8
MG,MG Motor Showroom - Jeddah,جدة,مكة المكرمة,جدة,4.2,37,"9238, 4046 حمزه البركاني، حي المروة, جدة 23544, Saudi Arabia",21.6290111,39.2024052,ChIJY8auKYHXwxUR9zJR6pHKAaQ
MG,MG Sharafeyah Quick Service Center,جدة,مكة المكرمة,جدة,3.6,88,"Al Sharafeyah, 2684 خالد بن الوليد، حي الشرفية، جدة 23216 6100،،, Jeddah 23216, 2684 خالد بن الوليد، الشرفية، جدة 23216, Saudi Arabia",21.5116194,39.1860405,ChIJrZDvtmjPwxURW9LoGxNCcnI
MG,MG Quick Maintenance Service Center صيانة MG السريعة,Jeddah,Makkah Province,Jeddah,3.8,26,"2605 Abdullah Al Qasari, Al Marwah District, 9442, Jeddah 23542, Saudi Arabia",21.6310017,39.1879337,ChIJP0ZLqurXwxURZckaXh-CwD4
MG,MG service Center,جدة,مكة المكرمة,جدة,3,6,"JDMA9238, 9238, 4046 حمزه البركاني، حي المروة, جدة 23544, Saudi Arabia",21.6297683,39.201964,ChIJX14Lpg7XwxUR7Vhz7Et9RnE
Mitsubishi,العيسائي للسيارات,Riyadh,Riyadh Province,Riyadh Principality,3.3,1835,"Makkah Al Mukarramah Br Rd, King Abdul Aziz, Riyadh 12411, Saudi Arabia",24.7017511,46.7402709,ChIJw49CN-UDLz4RIw8uWdey1K8
Mitsubishi,ALESAYI MOTORS - Mitsubishi,Dammam,Eastern Province,Dammam Principality,3.5,1185,"9198 King Fahd Road, Al Qashlah, Dammam 34232, Saudi Arabia",26.3749706,50.1726897,ChIJ2WBHbxblST4RG1gktquXyq8
Mitsubishi,Mitsubishi Service Center Khobar,الظهران,المنطقة الشرقية,الدمام,3.5,34,"9058 King Fahd, 3691 Ibn Abdul Aziz Rd, القشلة، الظهران 34232, Saudi Arabia",26.3742836,50.1718143,ChIJq9mGksPlST4RSKS214vDgr4
Mitsubishi,Mitsubishi Motors (New Branch),Al Khobar,Eastern Province,Dammam Principality,3.5,48,"95GF+239, King Fahd Road, Al Qashlah, Al Khobar 34232, Saudi Arabia",26.3750339,50.1727346,ChIJ_xLJ2oPlST4RVEl81bEk-xg
Mitsubishi,ALESAYI MITSUBISHI GENUINE PARTS,Dammam,Eastern Province,Dammam Principality,3.5,148,"5214, Al Muhammadiyah, Dammam 32432, Saudi Arabia",26.4410085,50.0620526,ChIJN98vejX8ST4RBm6ZftLJnm8
Mitsubishi,Alesayi Motors,Jeddah,Makkah Province,Jeddah,3.8,1323,"Al-Madinah Al-Munawarah Rd, Al Faisaliyyah, Jeddah 23441, Saudi Arabia",21.5588976,39.1732535,ChIJOVI1nmHMwxURg07Qg3uSHd8
Mitsubishi,Mitsubishi Motors - Alesayi Motors,جدة,مكة المكرمة,جدة,4,112,"3736 Ibrahim Al Ashari, Al Muhammadiyah District, Jeddah 23617 6726 Auto Mall, المحمدية، جدة 23617, Saudi Arabia",21.6481422,39.1134977,ChIJzWPsBpDZwxURNM9km4V65I8
Mitsubishi,العيسائي للسيارات,Al Mubarraz,Eastern Province,Al Ahsa,4.1,18,"CGGR+7Q2, Alitsalat, Al Mubarraz 36423, Saudi Arabia",25.4256404,49.5418822,ChIJP7gmsu29Nz4RAYbQZbfgjQE
Mercedes,Mercedes-Benz Showroom & Service Center | Juffali,Dammam,Eastern Province,Dammam Principality,4,879,"95V3+CF, King Fahd Road, Al Khalidiyyah Al Janubiyyah, Dammam 32226, Saudi Arabia",26.3935625,50.1536875,ChIJV038Pz3lST4REj5aQBBmRyo
Mercedes,Mercedes-Benz Service Center,Dammam,Eastern Province,Dammam Principality,3.9,513,"2549 الحسن البصري, Al Khalidiyyah Al Janubiyyah, Dammam 32226, Saudi Arabia",26.3952888,50.1551663,ChIJjwyBsj3lST4RUanIBPRIKV4
Mercedes,Al-Haddad Mercedes Service Center مركز الحداد لخدمات المرسيدس,الدمام,المنطقة الشرقية,الدمام,3.5,72,"3941, Saudi Arabia 7690, الخضرية، الدمام 32435, Saudi Arabia",26.4529671,50.0493993,ChIJ_Vl74Lf9ST4RxeuO5BezkQ8
Mercedes,Mercedes-Benz Showroom & Service Center | Juffali,Riyadh,Riyadh Province,Riyadh Principality,3.8,1720,"Khurais Br Rd, Al Andalus, Riyadh 13212, Saudi Arabia",24.7412297,46.8012421,ChIJM9gSz-0ALz4R_ZiqnHajbks
Mercedes,Mercedes-Benz Showroom & Service Center | Juffali,Riyadh,Riyadh Province,Riyadh Principality,3.7,1104,"6623 Al Urubah Branch Rd, Al Raed, 3916, Riyadh 12352, Saudi Arabia",24.7000455,46.6427642,ChIJV-tvQxsdLz4R0aSvZE-BbIE
Mercedes,Mercedes-Benz Workshop,Riyadh,Riyadh Province,Riyadh Principality,3.5,613,"PJ2V+572, Al Urubah Branch Rd, Al Raed, Riyadh 12352, Saudi Arabia",24.7003751,46.6431535,ChIJyTpdbxsdLz4R678BWieKytk
Mercedes,Mercedes-Benz Service Center | Juffali,Jeddah,Makkah Province,Jeddah,4.2,237,"7200 Abdul Rahman Ibn Ghannam, Al Bawadi District, Jeddah 23531, Saudi Arabia",21.6087027,39.1619031,ChIJvYrzmKPQwxURlnVPjDyhlEg
Mercedes,Mercedes-Benz Showroom | Juffali,Jeddah,Makkah Province,Jeddah,4.4,356,"Auto Mall, King Abdulaziz Branch Rd, Al Mohammadiyyah, Jeddah 23617, Saudi Arabia",21.6495348,39.1139993,ChIJNfgtQ53ZwxUR2LSx3-7TXSc
Mercedes,Mercedes-Benz Showroom & Service Center | Juffali,Jeddah,Makkah Province,Jeddah,4.2,1172,"طريق المدينة، كيلو 7 دائرة، G5XG+78, Aziziyah, Jeddah 23333, Saudi Arabia",21.5481875,39.1758125,ChIJ5ZNYYyLQwxURpfQSquEShq0
Mercedes,Mercedes-Benz Service Center,Jeddah,Makkah Province,Jeddah,3.8,192,"8081 طريق المدينة المنورة، حي العزيزية، جدة 23333 2225، Aziziyah, Jeddah 23333, Saudi Arabia",21.5485896,39.1760364,ChIJqV9R7SLQwxURRk8tQGfZCLc
Mercedes,Mercedes-Benz - Juffali Service Workshop,Jeddah,Makkah Province,Jeddah,3.7,161,"G5XG+GF3, Aziziyah, Jeddah 23333, Saudi Arabia",21.548753,39.1761722,ChIJF3BCEe7RwxURzO46Jnkkjbk
Mercedes,Juffali Mercedes-Benz,Abha,Aseer Province,Asir Principality,4,219,"King Fahd Branch Rd, حجله، Abha 62563, Saudi Arabia",18.2597303,42.6350051,ChIJYZz38QVW-xUR0OeFuidw7S8
Mercedes,Mercedes-Benz Showroom & Service Center | Juffali,Abha,Aseer Province,Asir Principality,4.1,293,"King Fahd Rd, Arim, Abha 62521, Saudi Arabia",18.2607348,42.635558,ChIJVYL-aA9W-xUR8fveAC2XIGU
Mercedes,Mercedes -Benz- Almeshri Authorized Dealer - Tabuk - KSA,Tabuk,Tabuk Province,Tabuk Principality,4.1,30,"3659 King Khalid Rd, Al Salihiyyah, Tabuk 47913, Saudi Arabia",28.3984754,36.5543569,ChIJKz5Sv7qtqRUR6cilk5SToP8
Mercedes,Al Mashri Company,Tabuk,Tabuk Province,Tabuk Principality,3.8,143,"CFV7+26Q, Tabuk 47722, Saudi Arabia",28.4425982,36.4630973,ChIJAVLohcOvqRURN4nKEi1EiJU
Mercedes,Mercedes Center Technical Services,Madinah,Al Madinah Province,Madinah Principality,4.8,133,"4559 ابو حمزة عبدالواحد، الخالدية، 8905، 8905, Al Khalidiyyah, Madinah 42317, Saudi Arabia",24.4706015,39.6597322,ChIJ4b9IBeyWvRURFXOXcxz4DV4
BMW,MYNM - BMW Showroom & Service Center,Al Khobar,Eastern Province,Al Khobar,3.6,281,"24 St, Qurtoba, Al Khobar 34234, Saudi Arabia",26.3483746,50.1923647,ChIJfXZyh1LvST4RUt8TseuKmzk
BMW,BMW Al Khobar,Al Khobar,Eastern Province,Al Khobar,4,930,"King Fahd Road, Qurtoba, Al Khobar 34234, Saudi Arabia",26.3481865,50.1932039,ChIJGevV6lLvST4Rk4pw7YSIIwc
BMW,BMW Spare Parts,Dammam,Eastern Province,Dammam Principality,3.7,171,"F333+3FM, Omar Ibn Abdul Aziz St, Al Muhammadiyah, Dammam 32432, Saudi Arabia",26.4527161,50.0536813,ChIJbVX-wNb9ST4RcDY8ZfWOi3s
BMW,BMW Sulaimaniah Showroom - MYNM,Riyadh,Riyadh Province,Riyadh Principality,3.9,852,"PP55+J2, As Sulimaniyah, Riyadh 12243, Saudi Arabia",24.7090625,46.7075625,ChIJ6wgR3QcDLz4RFUwQmicheFs
BMW,MYNM - BMW Showroom & Service Center,Riyadh,Riyadh Province,Riyadh Principality,3.6,1592,"Khorais New & Used Cars Showroom with Service، Khurais Rd, An Nasim Ash Sharqi, Riyadh 14241, Saudi Arabia",24.7546737,46.8279294,ChIJ65aYHnmqLz4Rtw1pfUd4lXU
BMW,MYNM - BMW Certified Pre-Owned and Quick Service Center,الرياض,منطقة الرياض,امارة منطقة الرياض,3.7,1179,"Dabbab Certified Pre-Owned Vehicles and Quick Service, Dabab Street, Al Muraba D, المربع، الرياض 12628, Saudi Arabia",24.6643562,46.7083663,ChIJiRKmcooELz4R7-PNQkKpmOI
BMW,BMW & MINI Service Center,Riyadh,Riyadh Province,Riyadh Principality,4.1,105,"6504-6458 Ar Rayan, QMFG+P5, An Nafal, Riyadh 13312, Saudi Arabia",24.7737097,46.6749269,ChIJz0r8xOD9Lj4Ri0S5UkhXi-g
BMW,BMW & MINI Khurais Service center - MYNM,Riyadh,Riyadh Province,Riyadh Principality,3.5,286,"Khorais New & Used Cars Showroom with Service، طريق خريص،، An Nasim Ash Sharqi, Riyadh 14241, Saudi Arabia",24.7546145,46.8278709,ChIJK0lLc0GrLz4Re-TXQfIyyVs
BMW,Alaseeri BMW Spare Parts,Riyadh,Riyadh Province,Riyadh Principality,4.3,86,"Al Jameyya, Old Industrial Area، Riyadh 12871, Saudi Arabia",24.6373931,46.739446,ChIJlc7f6twFLz4Rgas9FucKu8Q
BMW,MYNM - BMW Showroom,جدة,مكة المكرمة,جدة,4.5,29,"Jeddah New & Certified Prew-Owned VehiclesTahlia Showroom, El Fitehi Street, الأندلس، جدة 23326, Saudi Arabia",21.5491535,39.1640024,ChIJLcBbWAPQwxURQFDKgG0Y00o
BMW,BMW Tahlia New Cars Showroom & Used Cars showroom - MYNM,Jeddah,Makkah Province,Jeddah,4.3,416,"G5X7+VJ, Al Foutaihi, Al Andalus, Jeddah 23326, Saudi Arabia",21.5496861,39.1640583,ChIJkWr5ogTQwxURyRaXS6lqb8M
BMW,MYNM - BMW Service and Care Center,Jeddah,Makkah Province,Jeddah,3.7,380,"Jedda Service Center Heraa (BMW Care Center), Al Marwah Street، Al Marwah, Jeddah 23544, Saudi Arabia",21.6306511,39.2013638,ChIJAwt3J9zWwxURE6BEsiykviQ
BMW,MINI Service- Mohamed Yousuf Naghi BMW Service Centre,جدة,مكة المكرمة,جدة,3.9,502,"حي المروة, 9388 الإمام إدريس، المروة، جدة 23544, Saudi Arabia",21.6304588,39.2015601,ChIJT4AEH9zWwxUROlbKHLVKFIQ
BMW,BMW & MINI Automall Quick Service - MYNM,Jeddah,Makkah Province,Jeddah,3.9,158,"J4X8+72, Al Mohammadiyyah, Jeddah 23617, Saudi Arabia",21.6481875,39.1150625,ChIJwfYWJp3ZwxURarfeiqdJJcA
BMW,MYNM - BMW Showroom & Service Center,مكة المكرمة,مكة المكرمة,امارة منطقة مكة المكرمة,4.2,179,"Makkah New Cars Showroom/ Makka Fast Lane, Al Lith Road, Beside Al Borj Gasoline, ولي العهد، مكة المكرمة 24353, Saudi Arabia",21.3633133,39.7953518,ChIJM5uXv3QQwhURgofqaMjxk0k
BMW,BMW Showroom & Service Center,بريدة,منطقة القصيم,بريدة,4.1,55,"Qassem Showroom & Service Center, King Abdulaziz Road, Alnakheel Dist., سلطانة، بريدة 52375, Saudi Arabia",26.3782112,43.9066508,ChIJhbfQVE1WfxURiWthFPLaEGw
Audi,Audi Al Khobar Showroom & service centre - SAMACO Automotive,Al Khobar,Eastern Province,Al Khobar,4,513,"King Fahd Rd 24 St، King Fahd Road, Qurtoba, Al Khobar 34234, Saudi Arabia",26.3495407,50.1924591,ChIJE01KFFLvST4R_ZwL_B2bPqY
Audi,Audi SAMACO Spare Parts,Al Khobar,Eastern Province,Al Khobar,3.5,28,"85XR+WMC, Qurtoba, Al Khobar 34234, Saudi Arabia",26.3498115,50.1916313,ChIJnQjLRVLvST4RvZhc_fDQnIw
Audi,Audi SAMACO Service Center,Al Khobar,Eastern Province,Al Khobar,4,115,"King Fahd Road, Qurtoba, Al Khobar 34234, Saudi Arabia",26.3493919,50.192192,ChIJtcNvaFLvST4Ro9h0iJ6dgkA
Audi,Audi Showroom Riyadh - Samaco Group,Riyadh,Riyadh Province,Riyadh Principality,4,556,"اي مول، Nortern Ring Br Rd, An Nakheel, Riyadh 12384, Saudi Arabia",24.7519653,46.6279906,ChIJc-sydwkDLz4RiRWtHG0-Nko
Audi,SAMACO Automotive Service Center,Riyadh,Riyadh Province,Riyadh Principality,3.6,621,"PRW7+P4V, Khurais Rd, An Nahdah, Riyadh 13221, Saudi Arabia",24.7468703,46.8127824,ChIJczWbM44ALz4RbIL85CwWIGI
Audi,SAMACO Automotive Service Center,Riyadh,Riyadh Province,Riyadh Principality,3,195,"4282 Kharis Branch Rd, An Nahdah, Riyadh 13222, Saudi Arabia",24.7552548,46.8262557,ChIJraYwsXiqLz4RSUisuSzLSx4
Audi,SAMACO Motors | Audi Service Center Riyadh,Riyadh,Riyadh Province,Riyadh Principality,4.2,5,"طريق خريص، النهضة،, Ar Rayyan, Riyadh 11564, Saudi Arabia",24.7191888,46.770427,ChIJN4U7_YMBLz4RlU3VisWoEBo
Audi,مركزساماكو للسمكرة والدهان – فرع الرياض,Riyadh,Riyadh Province,Riyadh Principality,3.3,174,"JQVW+74، 4122 شبارق،، Al Faisaliyyah, Riyadh 12894, Saudi Arabia",24.6432543,46.795227,ChIJBWBiE9AHLz4RCD7uzw_1aZw
Audi,Audi Showroom Jeddah,Jeddah,Makkah Province,Jeddah,4.4,500,"Main Madinah Road Tahlia Intersection, حي العزيزية،، Aziziyah, Jeddah 23334, Saudi Arabia",21.5546533,39.1744861,ChIJ2_7MJBbQwxUR4Fl-tQ2gNok
Audi,SAMACO Motors | Audi Showroom & Service Center Jeddah,Jeddah,Makkah Province,Jeddah,4,143,"سعيد بن زقر Said Ibn Zaqar, 8809, Aziziyah, Jeddah 23334, Saudi Arabia",21.5549523,39.1761732,ChIJDZ0e6T3QwxURxSMemk7qv2E
Audi,SAMACO Motors | Audi Bodyshop Jeddah,Jeddah,Makkah Province,Jeddah,3.6,149,"4992 ابراهيم الخطيب, حي الثغر، Jeddah 22338, Saudi Arabia",21.4717756,39.2365273,ChIJeaYVnp3OwxURWvNddXpRlWo
Audi,SAMACO Motors,Jeddah,Makkah Province,Jeddah,4.1,880,"Al-Madinah Al-Munawarah Rd, Al Faisaliyyah, Jeddah 22235, Saudi Arabia",21.5730594,39.1684299,ChIJSUROYW_QwxURr4VgXRPaBcA
